<?xml version="1.0" encoding="UTF-8"?>
<!-- edited with XMLSpy v2015 rel. 3 (x64) (http://www.altova.com) by ww (NIST) -->
<ConformanceProfile ID="0c7f9617-ba67-4197-812c-2cb44235e049" Type="Constrainable" HL7Version="2.5.1" xsi:noNamespaceSchemaLocation="../Schema/Profile.xsd" xmlns:xsi="http://www.w3.org/2001/XMLSchema-instance">
	<MetaData Name="Implementation Guide for Immunization Messaging" OrgName="NIST" Version="1.5" Date="10/1/2014"/>
	<Encodings>
		<Encoding>ER7</Encoding>
		<Encoding>XML</Encoding>
	</Encodings>
	<Messages>
		<Message ID="b760d322-9afd-439e-96f5-43db66937c4e" Type="QBP" Event="Q11" StructID="QBP_Q11" Description="Request Evaluated Immunization History and Forecast Query">
			<Segment Ref="MSH_IZ_Z44" Usage="R" Min="1" Max="1"/>
			<Segment Ref="SFT_IZ_Z34" Usage="O" Min="0" Max="*"/>
			<Segment Ref="QPD_IZ" Usage="R" Min="1" Max="1"/>
			<Segment Ref="RCP_IZ" Usage="R" Min="1" Max="1"/>
			<Segment Ref="DSC_IZ_QBP" Usage="X" Min="0" Max="0"/>
		</Message>
	</Messages>
	<Segments>
		<Segment ID="MSH_IZ_Z44" Name="MSH" Description="Message Header">
			<Field Name="Field Separator" Usage="R" Min="1" Max="1" Datatype="ST" MinLength="1" MaxLength="1" ItemNo="00001"/>
			<Field Name="Encoding Characters" Usage="R" Min="1" Max="1" Datatype="ST" MinLength="4" MaxLength="4" ItemNo="00002"/>
			<Field Name="Sending Application" Usage="RE" Min="0" Max="1" Datatype="HD_IZ" MinLength="1" MaxLength="227" Binding="HL70361_IZ" BindingStrength="R" BindingLocation="1" ItemNo="00003"/>
			<Field Name="Sending Facility" Usage="RE" Min="0" Max="1" Datatype="HD_IZ" MinLength="1" MaxLength="227" Binding="HL70362_IZ" BindingStrength="R" BindingLocation="1" ItemNo="00004"/>
			<Field Name="Receiving Application" Usage="RE" Min="0" Max="1" Datatype="HD_IZ" MinLength="1" MaxLength="227" Binding="HL70361_IZ" BindingStrength="R" BindingLocation="1" ItemNo="00005"/>
			<Field Name="Receiving Facility" Usage="RE" Min="0" Max="1" Datatype="HD_IZ" MinLength="1" MaxLength="227" Binding="HL70362_IZ" BindingStrength="R" BindingLocation="1" ItemNo="00006"/>
			<Field Name="Date/Time Of Message" Usage="R" Min="1" Max="1" Datatype="TS_Z" MinLength="1" MaxLength="26" ItemNo="00007"/>
			<Field Name="Security" Usage="O" Min="0" Max="1" Datatype="ST" MinLength="1" MaxLength="40" ItemNo="00008"/>
			<Field Name="Message Type" Usage="R" Min="1" Max="1" Datatype="MSG_IZ_QBP" MinLength="1" MaxLength="15" ItemNo="00009"/>
			<Field Name="Message Control ID" Usage="R" Min="1" Max="1" Datatype="ST" MinLength="1" MaxLength="199" ItemNo="00010"/>
			<Field Name="Processing ID" Usage="R" Min="1" Max="1" Datatype="PT_IZ" MinLength="1" MaxLength="3" ItemNo="00011"/>
			<Field Name="Version ID" Usage="R" Min="1" Max="1" Datatype="VID_IZ" MinLength="1" MaxLength="60" ItemNo="00012"/>
			<Field Name="Sequence Number" Usage="O" Min="0" Max="1" Datatype="NM" MinLength="1" MaxLength="15" ItemNo="00013"/>
			<Field Name="Continuation Pointer" Usage="O" Min="0" Max="1" Datatype="ST" MinLength="1" MaxLength="180" ItemNo="00014"/>
			<Field Name="Accept Acknowledgment Type" Usage="R" Min="1" Max="1" Datatype="ID" MinLength="1" MaxLength="2" Binding="HL70155_IZ" BindingStrength="R" ItemNo="00015"/>
			<Field Name="Application Acknowledgment Type" Usage="R" Min="1" Max="1" Datatype="ID" MinLength="1" MaxLength="2" Binding="HL70155_IZ" BindingStrength="R" ItemNo="00016"/>
			<Field Name="Country Code" Usage="O" Min="0" Max="0" Datatype="ID" MinLength="1" MaxLength="3" Binding="0399" BindingStrength="R" ItemNo="00017"/>
			<Field Name="Character Set" Usage="O" Min="0" Max="0" Datatype="ID" MinLength="1" MaxLength="16" Binding="0211" BindingStrength="R" ItemNo="00692"/>
			<Field Name="Principal Language Of Message" Usage="O" Min="0" Max="0" Datatype="CE" MinLength="1" MaxLength="250" ItemNo="00693"/>
			<Field Name="Alternate Character Set Handling Scheme" Usage="O" Min="0" Max="0" Datatype="ID" MinLength="1" MaxLength="20" Binding="0356" BindingStrength="R" ItemNo="01317"/>
			<Field Name="Message Profile Identifier" Usage="R" Min="1" Max="1" Datatype="EI_IZ_QBP_Z44" MinLength="1" MaxLength="427" Binding="PHVS_ImmunizationProfileIdentifier_IIS" BindingStrength="R" BindingLocation="1" ItemNo="01598"/>
			<Field Name="Sending Responsible Organization" Usage="RE" Min="0" Max="1" Datatype="XON_IZ" MinLength="1" MaxLength="*" BindingStrength="R" BindingLocation="1"/>
			<Field Name="Receiving Responsible Organization" Usage="RE" Min="0" Max="1" Datatype="XON_IZ" MinLength="1" MaxLength="*" BindingStrength="R" BindingLocation="1"/>
		</Segment>
		<Segment ID="SFT_IZ_Z34" Name="SFT" Description="Software Segment">
			<Field Name="Software Vendor Organization" Usage="R" Min="1" Max="1" Datatype="XON" MinLength="1" MaxLength="567" ItemNo="01834"/>
			<Field Name="Software Certified Version or Release Number" Usage="R" Min="1" Max="1" Datatype="ST" MinLength="1" MaxLength="15" ItemNo="01835"/>
			<Field Name="Software Product Name" Usage="R" Min="1" Max="1" Datatype="ST" MinLength="1" MaxLength="20" ItemNo="01836"/>
			<Field Name="Software Binary ID" Usage="R" Min="1" Max="1" Datatype="ST" MinLength="1" MaxLength="20" ItemNo="01837"/>
			<Field Name="Software Product Information" Usage="O" Min="0" Max="1" Datatype="TX" MinLength="1" MaxLength="1024" ItemNo="01838"/>
			<Field Name="Software Install Date" Usage="O" Min="0" Max="1" Datatype="TS" MinLength="1" MaxLength="26" ItemNo="01839"/>
		</Segment>
		<Segment ID="QPD_IZ" Name="QPD" Description="Query Parameter Definition">
			<Field Name="Message Query Name" Usage="R" Min="1" Max="1" Datatype="CE_IZ" MinLength="1" MaxLength="250" Binding="HL70471_IZ" BindingStrength="R" BindingLocation="1" ItemNo="01375"/>
			<Field Name="Query Tag" Usage="R" Min="1" Max="1" Datatype="ST" MinLength="1" MaxLength="32" ItemNo="00696"/>
			<Field Name="PatientList" Usage="RE" Min="0" Max="*" Datatype="CX_IZ" MinLength="1" MaxLength="*"/>
			<Field Name="PatientName" Usage="RE" Min="0" Max="1" Datatype="XPN_IZ" MinLength="1" MaxLength="*"/>
			<Field Name="PatientMotherMaidenName" Usage="RE" Min="0" Max="1" Datatype="XPN_M" MinLength="1" MaxLength="*"/>
			<Field Name="PatientDateOfBirth" Usage="RE" Min="0" Max="1" Datatype="TS_NZ" MinLength="1" MaxLength="6"/>
			<Field Name="Patient Sex" Usage="RE" Min="0" Max="1" Datatype="IS" MinLength="1" MaxLength="1" Binding="HL70001_IZ" BindingStrength="R"/>
			<Field Name="Patient Address" Usage="RE" Min="0" Max="1" Datatype="XAD_IZ" MinLength="1" MaxLength="*"/>
			<Field Name="Phone" Usage="RE" Min="0" Max="1" Datatype="XTN_IZ" MinLength="1" MaxLength="*"/>
			<Field Name="Multiple birth indicator" Usage="RE" Min="0" Max="1" Datatype="ID" MinLength="1" MaxLength="*" Binding="HL70136_IZ" BindingStrength="R"/>
			<Field Name="Birth order" Usage="RE" Min="0" Max="1" Datatype="NM" MinLength="1" MaxLength="*"/>
			<Field Name="Client last updated date" Usage="O" Min="0" Max="1" Datatype="TS_NZ" MinLength="1" MaxLength="*"/>
			<Field Name="Client last updated facility" Usage="O" Min="0" Max="1" Datatype="HD_IZ" MinLength="1" MaxLength="*"/>
		</Segment>
		<Segment ID="RCP_IZ" Name="RCP" Description="Response Control Parameter">
			<Field Name="Query Priority" Usage="RE" Min="0" Max="1" Datatype="ID" MinLength="1" MaxLength="1" Binding="HL70091_IZ" BindingStrength="R" ItemNo="00027"/>
			<Field Name="Quantity Limited Request" Usage="R" Min="1" Max="1" Datatype="CQ_IZ" MinLength="1" MaxLength="10" ItemNo="00031" />
			<Field Name="Response Modality" Usage="O" Min="0" Max="1" Datatype="CE" MinLength="1" MaxLength="250" Binding="0394" BindingStrength="R" BindingLocation="1" ItemNo="01440"/>
			<Field Name="Execution and Delivery Time" Usage="O" Min="0" Max="1" Datatype="TS" MinLength="1" MaxLength="26" ItemNo="01441"/>
			<Field Name="Modify Indicator" Usage="O" Min="0" Max="1" Datatype="ID" MinLength="1" MaxLength="1" Binding="0395" BindingStrength="R" ItemNo="01443"/>
			<Field Name="Sort-by Field" Usage="O" Min="0" Max="*" Datatype="SRT" MinLength="1" MaxLength="512" ItemNo="01624"/>
			<Field Name="Segment group inclusion" Usage="O" Min="0" Max="*" Datatype="ID" MinLength="1" MaxLength="256" ItemNo="01594"/>
		</Segment>
		<Segment ID="DSC_IZ_QBP" Name="DSC" Description="Continuation Pointer">
			<Field Name="Continuation Pointer" Usage="O" Min="0" Max="1" Datatype="ST" MinLength="1" MaxLength="180" ItemNo="00014"/>
			<Field Name="Continuation Style" Usage="O" Min="0" Max="1" Datatype="ID" MinLength="1" MaxLength="1" Binding="0398" BindingStrength="R" ItemNo="01354"/>
		</Segment>
	</Segments>
	<Datatypes>
		<Datatype ID="TS_Z" Name="TS" Description="Time Stamp">
			<Component Name="Time" Usage="R" Datatype="DTM" MinLength="1" MaxLength="24"/>
			<Component Name="Degree of Precision" Usage="X" Datatype="ID" MinLength="1" MaxLength="1" Binding="0529" BindingStrength="R"/>
		</Datatype>
		<Datatype ID="CX_IZ" Name="CX" Description="Extended Composite ID with Check Digit">
			<Component Name="ID Number" Usage="R" Datatype="ST" MinLength="1" MaxLength="15"/>
			<Component Name="Check Digit" Usage="O" Datatype="ST" MinLength="1" MaxLength="1"/>
			<Component Name="Check Digit Scheme" Usage="C" Datatype="ID" MinLength="1" MaxLength="3" Binding="HL70061_IZ" BindingStrength="R"/>
			<Component Name="Assigning Authority" Usage="R" Datatype="HD_IZ" MinLength="1" MaxLength="227" Binding="HL70363_IZ" BindingStrength="R" BindingLocation="1"/>
			<Component Name="Identifier Type Code" Usage="R" Datatype="ID" MinLength="2" MaxLength="5" Binding="HL70203_IZ" BindingStrength="R"/>
			<Component Name="Assigning Facility" Usage="O" Datatype="HD" MinLength="1" MaxLength="227"/>
			<Component Name="Effective Date" Usage="O" Datatype="DT" MinLength="1" MaxLength="8"/>
			<Component Name="Expiration Date" Usage="O" Datatype="DT" MinLength="1" MaxLength="8"/>
			<Component Name="Assigning Jurisdiction" Usage="O" Datatype="CWE" MinLength="1" MaxLength="705"/>
			<Component Name="Assigning Agency or Department" Usage="O" Datatype="CWE" MinLength="1" MaxLength="705"/>
		</Datatype>
		<Datatype ID="PT_IZ" Name="PT" Description="Processing Type">
			<Component Name="Processing ID" Usage="R" Datatype="ID" MinLength="1" MaxLength="1" Binding="HL70103_IZ" BindingStrength="R"/>
			<Component Name="Processing Mode" Usage="O" Datatype="ID" MinLength="1" MaxLength="1" Binding="0207" BindingStrength="R"/>
		</Datatype>
		<Datatype ID="MSG_IZ_QBP" Name="MSG" Description="Message Type">
			<Component Name="Message Code" Usage="R" Datatype="ID" MinLength="3" MaxLength="3" Binding="HL70076_IZ" BindingStrength="R"/>
			<Component Name="Trigger Event" Usage="R" Datatype="ID" MinLength="3" MaxLength="3" Binding="HL70003_IZ" BindingStrength="R"/>
			<Component Name="Message Structure" Usage="R" Datatype="ID" MinLength="3" MaxLength="7" Binding="HL70354_IZ" BindingStrength="R"/>
		</Datatype>
		<Datatype ID="VID_IZ" Name="VID" Description="Version Identifier">
			<Component Name="Version ID" Usage="R" Datatype="ID" MinLength="5" MaxLength="5" Binding="HL70104_IZ" BindingStrength="R"/>
			<Component Name="Internationalization Code" Usage="O" Datatype="CE" MinLength="1" MaxLength="483" Binding="0399" BindingStrength="R" BindingLocation="1"/>
			<Component Name="International Version ID" Usage="O" Datatype="CE" MinLength="1" MaxLength="483"/>
		</Datatype>
		<Datatype ID="DR_IZ_ST" Name="DR" Description="Date/Time Range">
			<Component Name="Range Start Date/Time" Usage="O" Datatype="DTM" MinLength="1" MaxLength="26"/>
			<Component Name="Range End Date/Time" Usage="O" Datatype="DTM" MinLength="1" MaxLength="26"/>
		</Datatype>
		<Datatype ID="CQ_IZ" Name="CQ" Description="Composite Quantity with Units">
			<Component Name="Quantity" Usage="R" Datatype="NM" MinLength="1" MaxLength="16"/>
			<Component Name="Units" Usage="R" Datatype="CE_IZ" MinLength="1" MaxLength="483" Binding="HL70126_IZ" BindingStrength="R" BindingLocation="1"/>
		</Datatype>
		<Datatype ID="EI_IZ_QBP_Z44" Name="EI" Description="Entity Identifier">
			<Component Name="Entity Identifier" Usage="R" Datatype="ST" MinLength="1" MaxLength="199"/>
			<Component Name="Namespace ID" Usage="C" Datatype="IS" MinLength="1" MaxLength="20" Binding="HL70363_IZ" BindingStrength="R"/>
			<Component Name="Universal ID" Usage="C" Datatype="ST" MinLength="1" MaxLength="199"/>
			<Component Name="Universal ID Type" Usage="C" Datatype="ID" MinLength="1" MaxLength="6" Binding="HL70301_IZ" BindingStrength="R"/>
		</Datatype>
		<Datatype ID="XPN_IZ" Name="XPN" Description="Extended Person Name">
			<Component Name="Family Name" Usage="R" Datatype="FN" MinLength="1" MaxLength="194"/>
			<Component Name="Given Name" Usage="R" Datatype="ST" MinLength="1" MaxLength="30"/>
			<Component Name="Second and Further Given Names or Initials Thereof" Usage="RE" Datatype="ST" MinLength="1" MaxLength="30"/>
			<Component Name="Suffix (e.g., JR or III)" Usage="O" Datatype="ST" MinLength="1" MaxLength="20"/>
			<Component Name="Prefix (e.g., DR)" Usage="O" Datatype="ST" MinLength="1" MaxLength="20"/>
			<Component Name="Degree (e.g., MD)" Usage="X" Datatype="IS" MinLength="1" MaxLength="6" Binding="0360" BindingStrength="R"/>
			<Component Name="Name Type Code" Usage="R" Datatype="ID" MinLength="1" MaxLength="1" Binding="HL70200_IZ" BindingStrength="R"/>
			<Component Name="Name Representation Code" Usage="O" Datatype="ID" MinLength="1" MaxLength="1" Binding="0465" BindingStrength="R"/>
			<Component Name="Name Context" Usage="O" Datatype="CE" MinLength="1" MaxLength="483" Binding="0448" BindingStrength="R" BindingLocation="1"/>
			<Component Name="Name Validity Range" Usage="X" Datatype="DR_IZ_ST" MinLength="1" MaxLength="53"/>
			<Component Name="Name Assembly Order" Usage="O" Datatype="ID" MinLength="1" MaxLength="1" Binding="0444" BindingStrength="R"/>
			<Component Name="Effective Date" Usage="O" Datatype="TS" MinLength="1" MaxLength="26"/>
			<Component Name="Expiration Date" Usage="O" Datatype="TS" MinLength="1" MaxLength="26"/>
			<Component Name="Professional Suffix" Usage="O" Datatype="ST" MinLength="1" MaxLength="199"/>
		</Datatype>
		<Datatype ID="TS_NZ" Name="TS" Description="Time Stamp">
			<Component Name="Time" Usage="R" Datatype="DTM" MinLength="1" MaxLength="24"/>
			<Component Name="Degree of Precision" Usage="X" Datatype="ID" MinLength="1" MaxLength="1" Binding="0529" BindingStrength="R"/>
		</Datatype>
		<Datatype ID="CE_IZ" Name="CE" Description="Coded Element">
			<Component Name="Identifier" Usage="R" Datatype="ST" MinLength="1" MaxLength="50"/>
			<Component Name="Text" Usage="RE" Datatype="ST" MinLength="1" MaxLength="999"/>
			<Component Name="Name of Coding System" Usage="R" Datatype="ID" MinLength="1" MaxLength="20" Binding="HL70396_IZ" BindingStrength="R"/>
			<Component Name="Alternate Identifier" Usage="O" Datatype="ST" MinLength="1" MaxLength="50"/>
			<Component Name="Alternate Text" Usage="C" Datatype="ST" MinLength="1" MaxLength="999" Hide="true"/>
			<Component Name="Name of Alternate Coding System" Usage="C" Datatype="ID" MinLength="1" MaxLength="20" Binding="HL70396_IZ" BindingStrength="R" Hide="true"/>
		</Datatype>
		<Datatype ID="XAD_IZ" Name="XAD" Description="Extended Address">
			<Component Name="Street Address" Usage="RE" Datatype="SAD_IZ" MinLength="1" MaxLength="184"/>
			<Component Name="Other Designation" Usage="RE" Datatype="ST" MinLength="1" MaxLength="120"/>
			<Component Name="City" Usage="RE" Datatype="ST" MinLength="1" MaxLength="50"/>
			<Component Name="State or Province" Usage="RE" Datatype="ST" MinLength="1" MaxLength="50"/>
			<Component Name="Zip or Postal Code" Usage="RE" Datatype="ST" MinLength="1" MaxLength="12"/>
			<Component Name="Country" Usage="RE" Datatype="ID" MinLength="3" MaxLength="3" Binding="0399" BindingStrength="R"/>
			<Component Name="Address Type" Usage="R" Datatype="ID" MinLength="1" MaxLength="3" Binding="HL70190_IZ" BindingStrength="R"/>
			<Component Name="Other Geographic Designation" Usage="O" Datatype="ST" MinLength="1" MaxLength="50"/>
			<Component Name="County/Parish Code" Usage="O" Datatype="IS" MinLength="1" MaxLength="20" Binding="0289" BindingStrength="R"/>
			<Component Name="Census Tract" Usage="O" Datatype="IS" MinLength="1" MaxLength="20" Binding="0288" BindingStrength="R"/>
			<Component Name="Address Representation Code" Usage="O" Datatype="ID" MinLength="1" MaxLength="1" Binding="0465" BindingStrength="R"/>
			<Component Name="Address Validity Range" Usage="X" Datatype="DR_IZ_ST" MinLength="1" MaxLength="53"/>
			<Component Name="Effective Date" Usage="O" Datatype="TS" MinLength="1" MaxLength="26"/>
			<Component Name="Expiration Date" Usage="O" Datatype="TS" MinLength="1" MaxLength="26"/>
		</Datatype>
		<Datatype ID="XPN_M" Name="XPN" Description="Extended Person Name">
			<Component Name="Family Name" Usage="R" Datatype="FN" MinLength="1" MaxLength="194"/>
			<Component Name="Given Name" Usage="O" Datatype="ST" MinLength="1" MaxLength="30"/>
			<Component Name="Second and Further Given Names or Initials Thereof" Usage="O" Datatype="ST" MinLength="1" MaxLength="30"/>
			<Component Name="Suffix (e.g., JR or III)" Usage="O" Datatype="ST" MinLength="1" MaxLength="20"/>
			<Component Name="Prefix (e.g., DR)" Usage="O" Datatype="ST" MinLength="1" MaxLength="20"/>
			<Component Name="Degree (e.g., MD)" Usage="X" Datatype="IS" MinLength="1" MaxLength="6" Binding="0360" BindingStrength="R"/>
			<Component Name="Name Type Code" Usage="R" Datatype="ID" MinLength="1" MaxLength="1" Binding="HL70200_IZ" BindingStrength="R"/>
			<Component Name="Name Representation Code" Usage="O" Datatype="ID" MinLength="1" MaxLength="1" Binding="0465" BindingStrength="R"/>
			<Component Name="Name Context" Usage="O" Datatype="CE" MinLength="1" MaxLength="483" Binding="0448" BindingStrength="R" BindingLocation="1"/>
			<Component Name="Name Validity Range" Usage="X" Datatype="DR_IZ_ST" MinLength="1" MaxLength="53"/>
			<Component Name="Name Assembly Order" Usage="O" Datatype="ID" MinLength="1" MaxLength="1" Binding="0444" BindingStrength="R"/>
			<Component Name="Effective Date" Usage="O" Datatype="TS" MinLength="1" MaxLength="26"/>
			<Component Name="Expiration Date" Usage="O" Datatype="TS" MinLength="1" MaxLength="26"/>
			<Component Name="Professional Suffix" Usage="O" Datatype="ST" MinLength="1" MaxLength="199"/>
		</Datatype>
		<Datatype ID="HD_IZ" Name="HD" Description="Hierarchic Designator">
			<Component Name="Namespace ID" Usage="C" Datatype="IS" MinLength="1" MaxLength="20" Binding="HL70363_IZ" BindingStrength="R"/>
			<Component Name="Universal ID" Usage="C" Datatype="ST" MinLength="1" MaxLength="199"/>
			<Component Name="Universal ID Type" Usage="C" Datatype="ID" MinLength="1" MaxLength="6" Binding="HL70301_IZ" BindingStrength="R"/>
		</Datatype>
		<Datatype ID="XON_IZ" Name="XON" Description="Extended Composite Name and Identification Number for Organizations">
			<Component Name="Organization Name" Usage="RE" Datatype="ST" MinLength="1" MaxLength="50"/>
			<Component Name="Organization Name Type Code" Usage="O" Datatype="IS" MinLength="1" MaxLength="20"/>
			<Component Name="ID Number" Usage="X" Datatype="NM" MinLength="1" MaxLength="4"/>
			<Component Name="Check Digit" Usage="O" Datatype="NM" MinLength="1" MaxLength="1"/>
			<Component Name="Check Digit Scheme" Usage="O" Datatype="ID" MinLength="1" MaxLength="3"/>
			<Component Name="Assigning Authority" Usage="C" Datatype="HD_IZ" MinLength="1" MaxLength="227"/>
			<Component Name="Identifier Type Code" Usage="C" Datatype="ID" MinLength="2" MaxLength="5" Binding="HL70203_IZ" BindingStrength="R"/>
			<Component Name="Assigning Facility" Usage="O" Datatype="HD" MinLength="1" MaxLength="227"/>
			<Component Name="Name Representation Code" Usage="O" Datatype="ID" MinLength="1" MaxLength="1"/>
			<Component Name="Organization Identifier" Usage="C" Datatype="ST" MinLength="1" MaxLength="20"/>
		</Datatype>
		<Datatype ID="XTN_IZ" Name="XTN" Description="Extended Telecommunication Number">
			<Component Name="Telephone Number" Usage="X" Datatype="ST" MinLength="1" MaxLength="199"/>
			<Component Name="Telecommunication Use Code" Usage="R" Datatype="ID" MinLength="1" MaxLength="3" Binding="HL70201_IZ" BindingStrength="R"/>
			<Component Name="Telecommunication Equipment Type" Usage="RE" Datatype="ID" MinLength="1" MaxLength="8" Binding="HL70202_IZ" BindingStrength="R"/>
			<Component Name="Email Address" Usage="C" Datatype="ST" MinLength="1" MaxLength="199"/>
			<Component Name="Country Code" Usage="O" Datatype="NM" MinLength="1" MaxLength="3"/>
			<Component Name="Area/City Code" Usage="C" Datatype="NM" MinLength="1" MaxLength="3"/>
			<Component Name="Local Number" Usage="C" Datatype="NM" MinLength="1" MaxLength="9"/>
			<Component Name="Extension" Usage="O" Datatype="NM" MinLength="1" MaxLength="5"/>
			<Component Name="Any Text" Usage="O" Datatype="ST" MinLength="1" MaxLength="199"/>
			<Component Name="Extension Prefix" Usage="O" Datatype="ST" MinLength="1" MaxLength="4"/>
			<Component Name="Speed Dial Code" Usage="O" Datatype="ST" MinLength="1" MaxLength="6"/>
			<Component Name="Unformatted Telephone number" Usage="O" Datatype="ST" MinLength="1" MaxLength="199"/>
		</Datatype>
		<Datatype ID="XON" Name="XON" Description="Extended Composite Name and Identification Number for Organizations">
			<Component Name="Organization Name" Usage="O" Datatype="ST" MinLength="1" MaxLength="50"/>
			<Component Name="Organization Name Type Code" Usage="O" Datatype="IS" MinLength="1" MaxLength="20" Binding="0204" BindingStrength="R"/>
			<Component Name="ID Number" Usage="B" Datatype="NM" MinLength="1" MaxLength="4"/>
			<Component Name="Check Digit" Usage="O" Datatype="NM" MinLength="1" MaxLength="1"/>
			<Component Name="Check Digit Scheme" Usage="O" Datatype="ID" MinLength="1" MaxLength="3" Binding="0061" BindingStrength="R"/>
			<Component Name="Assigning Authority" Usage="O" Datatype="HD" MinLength="1" MaxLength="227" Binding="0363" BindingStrength="R" BindingLocation="1"/>
			<Component Name="Identifier Type Code" Usage="O" Datatype="ID" MinLength="1" MaxLength="5" Binding="0203" BindingStrength="R"/>
			<Component Name="Assigning Facility" Usage="O" Datatype="HD" MinLength="1" MaxLength="227"/>
			<Component Name="Name Representation Code" Usage="O" Datatype="ID" MinLength="1" MaxLength="1" Binding="0465" BindingStrength="R"/>
			<Component Name="Organization Identifier" Usage="O" Datatype="ST" MinLength="1" MaxLength="20"/>
		</Datatype>
		<Datatype ID="DT" Name="DT" Description="Date"/>
		<Datatype ID="TS" Name="TS" Description="Time Stamp">
			<Component Name="Time" Usage="R" Datatype="DTM" MinLength="1" MaxLength="24"/>
			<Component Name="Degree of Precision" Usage="B" Datatype="ID" MinLength="1" MaxLength="1" Binding="0529" BindingStrength="R"/>
		</Datatype>
		<Datatype ID="ST" Name="ST" Description="String Data"/>
		<Datatype ID="FN" Name="FN" Description="Family Name">
			<Component Name="Surname" Usage="R" Datatype="ST" MinLength="1" MaxLength="50"/>
			<Component Name="Own Surname Prefix" Usage="O" Datatype="ST" MinLength="1" MaxLength="20"/>
			<Component Name="Own Surname" Usage="O" Datatype="ST" MinLength="1" MaxLength="50"/>
			<Component Name="Surname Prefix From Partner/Spouse" Usage="O" Datatype="ST" MinLength="1" MaxLength="20"/>
			<Component Name="Surname From Partner/Spouse" Usage="O" Datatype="ST" MinLength="1" MaxLength="50"/>
		</Datatype>
		<Datatype ID="ID" Name="ID" Description="String Data"/>
		<Datatype ID="SRT" Name="SRT" Description="Sort Order">
			<Component Name="Sort-by Field" Usage="R" Datatype="ST" MinLength="1" MaxLength="12"/>
			<Component Name="Sequencing" Usage="O" Datatype="ID" MinLength="1" MaxLength="2" Binding="0397" BindingStrength="R"/>
		</Datatype>
		<Datatype ID="SAD" Name="SAD" Description="Street Address">
			<Component Name="Street or Mailing Address" Usage="O" Datatype="ST" MinLength="1" MaxLength="120"/>
			<Component Name="Street Name" Usage="O" Datatype="ST" MinLength="1" MaxLength="50"/>
			<Component Name="Dwelling Number" Usage="O" Datatype="ST" MinLength="1" MaxLength="12"/>
		</Datatype>
		<Datatype ID="SAD_IZ" Name="SAD" Description="Street Address">
			<Component Name="Street or Mailing Address" Usage="R" Datatype="ST" MinLength="1" MaxLength="120"/>
			<Component Name="Street Name" Usage="O" Datatype="ST" MinLength="1" MaxLength="50"/>
			<Component Name="Dwelling Number" Usage="O" Datatype="ST" MinLength="1" MaxLength="12"/>
		</Datatype>
		<Datatype ID="HD" Name="HD" Description="Hierarchic Designator">
			<Component Name="Namespace ID" Usage="O" Datatype="IS" MinLength="1" MaxLength="20" Binding="0300" BindingStrength="R"/>
			<Component Name="Universal ID" Usage="C" Datatype="ST" MinLength="1" MaxLength="199"/>
			<Component Name="Universal ID Type" Usage="C" Datatype="ID" MinLength="1" MaxLength="6" Binding="0301" BindingStrength="R"/>
		</Datatype>
		<Datatype ID="DTM" Name="DTM" Description="Date/Time"/>
		<Datatype ID="CWE" Name="CWE" Description="Coded with Exceptions">
			<Component Name="Identifier" Usage="O" Datatype="ST" MinLength="1" MaxLength="20"/>
			<Component Name="Text" Usage="O" Datatype="ST" MinLength="1" MaxLength="199"/>
			<Component Name="Name of Coding System" Usage="O" Datatype="ID" MinLength="1" MaxLength="20" Binding="0396" BindingStrength="R"/>
			<Component Name="Alternate Identifier" Usage="O" Datatype="ST" MinLength="1" MaxLength="20"/>
			<Component Name="Alternate Text" Usage="O" Datatype="ST" MinLength="1" MaxLength="199"/>
			<Component Name="Name of Alternate Coding System" Usage="O" Datatype="ID" MinLength="1" MaxLength="20" Binding="0396" BindingStrength="R"/>
			<Component Name="Coding System Version ID" Usage="C" Datatype="ST" MinLength="1" MaxLength="10"/>
			<Component Name="Alternate Coding System Version ID" Usage="O" Datatype="ST" MinLength="1" MaxLength="10"/>
			<Component Name="Original Text" Usage="O" Datatype="ST" MinLength="1" MaxLength="199"/>
		</Datatype>
		<Datatype ID="IS" Name="IS" Description="String Data"/>
		<Datatype ID="CE" Name="CE" Description="Coded Element">
			<Component Name="Identifier" Usage="O" Datatype="ST" MinLength="1" MaxLength="20"/>
			<Component Name="Text" Usage="O" Datatype="ST" MinLength="1" MaxLength="199"/>
			<Component Name="Name of Coding System" Usage="O" Datatype="ID" MinLength="1" MaxLength="20" Binding="0396" BindingStrength="R"/>
			<Component Name="Alternate Identifier" Usage="O" Datatype="ST" MinLength="1" MaxLength="20"/>
			<Component Name="Alternate Text" Usage="O" Datatype="ST" MinLength="1" MaxLength="199"/>
			<Component Name="Name of Alternate Coding System" Usage="O" Datatype="ID" MinLength="1" MaxLength="20" Binding="0396" BindingStrength="R"/>
		</Datatype>
		<Datatype ID="NM" Name="NM" Description="Numeric"/>
		<Datatype ID="TX" Name="TX" Description="Text Data"/>
	</Datatypes>
</ConformanceProfile>
