<?xml version="1.0" encoding="UTF-8"?>
<!-- edited with XMLSpy v2015 rel. 3 (x64) (http://www.altova.com) by ww (NIST) -->
<ConformanceProfile ID="28c0d805-9607-4ead-b81f-68b9f57e4f3a" Type="Constrainable" HL7Version="2.5.1" xsi:noNamespaceSchemaLocation="../Schema/Profile.xsd" xmlns:xsi="http://www.w3.org/2001/XMLSchema-instance">
	<MetaData Name="Implementation Guide for Immunization Messaging" OrgName="NIST" Version="1.5" Date="10/1/2014"/>
	<Encodings>
		<Encoding>ER7</Encoding>
		<Encoding>XML</Encoding>
	</Encodings>
	<Messages>
		<Message ID="e13dfbab-8832-4c3f-bfa5-0e9c18e644c4" Type="RSP" Event="K11" StructID="RSP_K11" Description="Return Evaluated History and Forecast">
			<Segment Ref="MSH_IZ 1_5_Z42" Usage="R" Min="1" Max="1"/>
			<Segment Ref="SFT_IZ_V_5_RSP_Z32_146" Usage="X" Min="0" Max="*"/>
			<Segment Ref="MSA_IZ1_5" Usage="R" Min="1" Max="1"/>
			<Segment Ref="ERR_IZ_1_5" Usage="RE" Min="0" Max="1"/>
			<Segment Ref="QAK_IZ1_5" Usage="R" Min="1" Max="1"/>
			<Segment Ref="QPD_IZ1_5" Usage="R" Min="1" Max="1"/>
			<Segment Ref="PID_IZ_1_5_Z42" Usage="R" Min="1" Max="1"/>
			<Group ID="RSP_K11.IZ_HISTORY_FORECAST" Name="RSP_K11.IZ_HISTORY_FORECAST" Usage="R" Min="1" Max="*">
				<Segment Ref="ORC" Usage="R" Min="1" Max="1"/>
				<Segment Ref="RXA_IZ 1_5" Usage="R" Min="1" Max="1"/>
				<Segment Ref="RXR_IZ 1_5" Usage="RE" Min="0" Max="1"/>
				<Group ID="RSP_K11.IZ_HISTORY_FORECAST.OBSERVATION" Name="RSP_K11.IZ_HISTORY_FORECAST.OBSERVATION" Usage="R" Min="1" Max="*">
					<Segment Ref="OBX_IZ 1_5" Usage="R" Min="1" Max="1"/>
				</Group>
			</Group>
		</Message>
	</Messages>
	<Segments>
		<Segment ID="MSH_IZ 1_5_Z42" Name="MSH" Description="Message Header">
			<Field Name="Field Separator" Usage="R" Min="1" Max="1" Datatype="ST" MinLength="1" MaxLength="1" ItemNo="00001"/>
			<Field Name="Encoding Characters" Usage="R" Min="1" Max="1" Datatype="ST" MinLength="4" MaxLength="4" ItemNo="00002"/>
			<Field Name="Sending Application" Usage="RE" Min="0" Max="1" Datatype="HD_IZ" MinLength="1" MaxLength="227" Binding="HL70361_IZ" BindingStrength="R" BindingLocation="1" ItemNo="00003"/>
			<Field Name="Sending Facility" Usage="RE" Min="0" Max="1" Datatype="HD_IZ" MinLength="1" MaxLength="227" Binding="HL70362_IZ" BindingStrength="R" BindingLocation="1" ItemNo="00004"/>
			<Field Name="Receiving Application" Usage="RE" Min="0" Max="1" Datatype="HD_IZ" MinLength="1" MaxLength="227" Binding="HL70361_IZ" BindingStrength="R" BindingLocation="1" ItemNo="00005"/>
			<Field Name="Receiving Facility" Usage="RE" Min="0" Max="1" Datatype="HD_IZ" MinLength="1" MaxLength="227" Binding="HL70362_IZ" BindingStrength="R" BindingLocation="1" ItemNo="00006"/>
			<Field Name="Date/Time Of Message" Usage="R" Min="1" Max="1" Datatype="TS_Z" MinLength="1" MaxLength="26" ItemNo="00007"/>
			<Field Name="Security" Usage="O" Min="0" Max="1" Datatype="ST" MinLength="1" MaxLength="40" ItemNo="00008"/>
			<Field Name="Message Type" Usage="R" Min="1" Max="1" Datatype="MSG_IZ_RSP" MinLength="1" MaxLength="15" ItemNo="00009"/>
			<Field Name="Message Control ID" Usage="R" Min="1" Max="1" Datatype="ST" MinLength="1" MaxLength="199" ItemNo="00010"/>
			<Field Name="Processing ID" Usage="R" Min="1" Max="1" Datatype="PT_IZ" MinLength="1" MaxLength="3" ItemNo="00011"/>
			<Field Name="Version ID" Usage="R" Min="1" Max="1" Datatype="VID_IZ" MinLength="1" MaxLength="60" ItemNo="00012"/>
			<Field Name="Sequence Number" Usage="O" Min="0" Max="1" Datatype="NM" MinLength="1" MaxLength="15" ItemNo="00013"/>
			<Field Name="Continuation Pointer" Usage="O" Min="0" Max="1" Datatype="ST" MinLength="1" MaxLength="180" ItemNo="00014"/>
			<Field Name="Accept Acknowledgment Type" Usage="R" Min="1" Max="1" Datatype="ID" MinLength="1" MaxLength="2" Binding="HL70155_IZ" BindingStrength="R" ItemNo="00015"/>
			<Field Name="Application Acknowledgment Type" Usage="R" Min="1" Max="1" Datatype="ID" MinLength="1" MaxLength="2" Binding="HL70155_IZ" BindingStrength="R" ItemNo="00016"/>
			<Field Name="Country Code" Usage="O" Min="0" Max="0" Datatype="ID" MinLength="1" MaxLength="3" Binding="0399" BindingStrength="R" ItemNo="00017"/>
			<Field Name="Character Set" Usage="O" Min="0" Max="0" Datatype="ID" MinLength="1" MaxLength="16" Binding="0211" BindingStrength="R" ItemNo="00692"/>
			<Field Name="Principal Language Of Message" Usage="O" Min="0" Max="0" Datatype="CE" MinLength="1" MaxLength="250" ItemNo="00693"/>
			<Field Name="Alternate Character Set Handling Scheme" Usage="O" Min="0" Max="0" Datatype="ID" MinLength="1" MaxLength="20" Binding="0356" BindingStrength="R" ItemNo="01317"/>
			<Field Name="Message Profile Identifier" Usage="R" Min="1" Max="1" Datatype="EI_IZ" MinLength="1" MaxLength="427" Binding="PHVS_ImmunizationProfileIdentifier_IIS" BindingStrength="R" BindingLocation="1" ItemNo="01598"/>
			<Field Name="Sending Responsible Organization" Usage="RE" Min="0" Max="1" Datatype="XON_IZ" MinLength="1" MaxLength="*" BindingStrength="R" BindingLocation="1"/>
			<Field Name="Receiving Responsible Organization" Usage="RE" Min="0" Max="1" Datatype="XON_IZ" MinLength="1" MaxLength="*" BindingStrength="R" BindingLocation="1"/>
		</Segment>
		<Segment ID="SFT_IZ_V_5_RSP_Z32_146" Name="SFT" Description="Software Segment">
			<Field Name="Software Vendor Organization" Usage="R" Min="1" Max="1" Datatype="XON" MinLength="1" MaxLength="567" ItemNo="01834"/>
			<Field Name="Software Certified Version or Release Number" Usage="R" Min="1" Max="1" Datatype="ST" MinLength="1" MaxLength="15" ItemNo="01835"/>
			<Field Name="Software Product Name" Usage="R" Min="1" Max="1" Datatype="ST" MinLength="1" MaxLength="20" ItemNo="01836"/>
			<Field Name="Software Binary ID" Usage="R" Min="1" Max="1" Datatype="ST" MinLength="1" MaxLength="20" ItemNo="01837"/>
			<Field Name="Software Product Information" Usage="O" Min="0" Max="1" Datatype="TX" MinLength="1" MaxLength="1024" ItemNo="01838"/>
			<Field Name="Software Install Date" Usage="O" Min="0" Max="1" Datatype="TS" MinLength="1" MaxLength="26" ItemNo="01839"/>
		</Segment>
		<Segment ID="MSA_IZ1_5" Name="MSA" Description="Message Acknowledgment">
			<Field Name="Acknowledgment Code" Usage="R" Min="1" Max="1" Datatype="ID" MinLength="1" MaxLength="2" Binding="HL70008_IZ" BindingStrength="R" ItemNo="00018"/>
			<Field Name="Message Control ID" Usage="R" Min="1" Max="1" Datatype="ST" MinLength="1" MaxLength="20" ItemNo="00010"/>
			<Field Name="Text Message" Usage="X" Min="0" Max="0" Datatype="ST" MinLength="1" MaxLength="80" ItemNo="00020"/>
			<Field Name="Expected Sequence Number" Usage="O" Min="0" Max="1" Datatype="NM" MinLength="1" MaxLength="15" ItemNo="00021"/>
			<Field Name="Delayed Acknowledgment Type" Usage="X" Min="0" Max="0" Datatype="NUL" MinLength="1" MaxLength="1" ItemNo="00022"/>
			<Field Name="Error Condition" Usage="X" Min="0" Max="0" Datatype="CE" MinLength="1" MaxLength="250" Binding="0357" BindingStrength="R" BindingLocation="1" ItemNo="00023"/>
		</Segment>
		<Segment ID="ERR_IZ_1_5" Name="ERR" Description="Error">
			<Field Name="Error Code and Location" Usage="X" Min="0" Max="0" Datatype="ELD" MinLength="1" MaxLength="493" ItemNo="00024"/>
			<Field Name="Error Location" Usage="RE" Min="0" Max="1" Datatype="ERL_IZ" MinLength="1" MaxLength="18" ItemNo="01812"/>
			<Field Name="HL7 Error Code" Usage="R" Min="1" Max="1" Datatype="CWE_IZ" MinLength="1" MaxLength="705" Binding="HL70357_IZ" BindingStrength="R" BindingLocation="1" ItemNo="01813"/>
			<Field Name="Severity" Usage="R" Min="1" Max="1" Datatype="ID" MinLength="1" MaxLength="1" Binding="HL70516_IZ" BindingStrength="R" ItemNo="01814"/>
			<Field Name="Application Error Code" Usage="RE" Min="0" Max="1" Datatype="CWE_IZ" MinLength="1" MaxLength="705" Binding="HL70533_IZ" BindingStrength="R" BindingLocation="1" ItemNo="01815"/>
			<Field Name="Application Error Parameter" Usage="O" Min="0" Max="10" Datatype="ST" MinLength="1" MaxLength="80" ItemNo="01816"/>
			<Field Name="Diagnostic Information" Usage="O" Min="0" Max="1" Datatype="TX" MinLength="1" MaxLength="2048" ItemNo="01817"/>
			<Field Name="User Message" Usage="RE" Min="0" Max="1" Datatype="TX" MinLength="1" MaxLength="250" ItemNo="01818"/>
			<Field Name="Inform Person Indicator" Usage="O" Min="0" Max="*" Datatype="IS" MinLength="1" MaxLength="20" Binding="0517" BindingStrength="R" ItemNo="01819"/>
			<Field Name="Override Type" Usage="O" Min="0" Max="1" Datatype="CWE" MinLength="1" MaxLength="705" Binding="0518" BindingStrength="R" BindingLocation="1" ItemNo="01820"/>
			<Field Name="Override Reason Code" Usage="O" Min="0" Max="*" Datatype="CWE" MinLength="1" MaxLength="705" Binding="0519" BindingStrength="R" BindingLocation="1" ItemNo="01821"/>
			<Field Name="Help Desk Contact Point" Usage="O" Min="0" Max="*" Datatype="XTN" MinLength="1" MaxLength="652" ItemNo="01822"/>
		</Segment>
		<Segment ID="QAK_IZ1_5" Name="QAK" Description="Query Acknowledgment">
			<Field Name="Query Tag" Usage="R" Min="1" Max="1" Datatype="ST" MinLength="1" MaxLength="32" ItemNo="00696"/>
			<Field Name="Query Response Status" Usage="R" Min="1" Max="1" Datatype="ID" MinLength="1" MaxLength="2" Binding="HL70208_IZ" BindingStrength="R" ItemNo="00708"/>
			<Field Name="Message Query Name" Usage="R" Min="1" Max="1" Datatype="CE_IZ" MinLength="1" MaxLength="250" Binding="0471" BindingStrength="R" BindingLocation="1" ItemNo="01375"/>
			<Field Name="Hit Count" Usage="O" Min="0" Max="1" Datatype="NM" MinLength="1" MaxLength="10" ItemNo="01434"/>
			<Field Name="This payload" Usage="O" Min="0" Max="1" Datatype="NM" MinLength="1" MaxLength="10" ItemNo="01622"/>
			<Field Name="Hits remaining" Usage="O" Min="0" Max="1" Datatype="NM" MinLength="1" MaxLength="10" ItemNo="01623"/>
		</Segment>
		<Segment ID="QPD_IZ1_5" Name="QPD" Description="Query Parameter Definition">
			<Field Name="Message Query Name" Usage="R" Min="1" Max="1" Datatype="CE_IZ" MinLength="1" MaxLength="250" Binding="HL70471_IZ" BindingStrength="R" BindingLocation="1" ItemNo="01375"/>
			<Field Name="Query Tag" Usage="R" Min="1" Max="1" Datatype="ST" MinLength="1" MaxLength="32" ItemNo="00696"/>
			<Field Name="PatientList" Usage="RE" Min="0" Max="*" Datatype="CX_IZ" MinLength="1" MaxLength="*"/>
			<Field Name="PatientName" Usage="RE" Min="0" Max="1" Datatype="XPN_IZ" MinLength="1" MaxLength="*"/>
			<Field Name="PatientMotherMaidenName" Usage="RE" Min="0" Max="1" Datatype="XPN_M" MinLength="1" MaxLength="*"/>
			<Field Name="PatientDateOfBirth" Usage="RE" Min="0" Max="1" Datatype="TS_NZ" MinLength="1" MaxLength="6"/>
			<Field Name="Patient Sex" Usage="RE" Min="0" Max="1" Datatype="IS" MinLength="1" MaxLength="1" Binding="HL70001_IZ" BindingStrength="R"/>
			<Field Name="Patient Address" Usage="RE" Min="0" Max="1" Datatype="XAD_IZ" MinLength="1" MaxLength="*"/>
			<Field Name="Phone" Usage="RE" Min="0" Max="1" Datatype="XTN_IZ" MinLength="1" MaxLength="*"/>
			<Field Name="Multiple birth indicator" Usage="RE" Min="0" Max="1" Datatype="ID" MinLength="1" MaxLength="*" Binding="HL70136_IZ" BindingStrength="R"/>
			<Field Name="Birth order" Usage="RE" Min="0" Max="1" Datatype="NM" MinLength="1" MaxLength="*"/>
			<Field Name="Client last updated date" Usage="O" Min="0" Max="1" Datatype="TS_NZ" MinLength="1" MaxLength="*"/>
			<Field Name="Client last updated facility" Usage="O" Min="0" Max="1" Datatype="HD_IZ" MinLength="1" MaxLength="*"/>
		</Segment>
		<Segment ID="PID_IZ_1_5_Z42" Name="PID" Description="Patient Identification">
			<Field Name="Set ID - PID" Usage="R" Min="1" Max="1" Datatype="SI" MinLength="1" MaxLength="4" ItemNo="00104"/>
			<Field Name="Patient ID" Usage="X" Min="0" Max="0" Datatype="CX" MinLength="1" MaxLength="20" ItemNo="00105"/>
			<Field Name="Patient Identifier List" Usage="R" Min="1" Max="*" Datatype="CX_IZ" MinLength="1" MaxLength="250" ItemNo="00106"/>
			<Field Name="Alternate Patient ID - PID" Usage="X" Min="0" Max="0" Datatype="CX" MinLength="1" MaxLength="20" ItemNo="00107"/>
			<Field Name="Patient Name" Usage="R" Min="1" Max="*" Datatype="XPN_IZ" MinLength="1" MaxLength="250" ItemNo="00108"/>
			<Field Name="Mother's Maiden Name" Usage="O" Min="0" Max="1" Datatype="XPN_M" MinLength="1" MaxLength="250" ItemNo="00109"/>
			<Field Name="Date/Time of Birth" Usage="R" Min="1" Max="1" Datatype="TS_NZ" MinLength="1" MaxLength="26" ItemNo="00110"/>
			<Field Name="Administrative Sex" Usage="R" Min="1" Max="1" Datatype="IS" MinLength="1" MaxLength="1" Binding="HL70001_IZ" BindingStrength="R" ItemNo="00111"/>
			<Field Name="Patient Alias" Usage="X" Min="0" Max="0" Datatype="XPN_DR" MinLength="1" MaxLength="250" ItemNo="00112"/>
			<Field Name="Race" Usage="O" Min="0" Max="*" Datatype="CE" MinLength="1" MaxLength="250" Binding="CDCREC_R_IZ" BindingStrength="R" BindingLocation="1" ItemNo="00113"/>
			<Field Name="Patient Address" Usage="RE" Min="0" Max="*" Datatype="XAD_IZ" MinLength="1" MaxLength="250" ItemNo="00114"/>
			<Field Name="County Code" Usage="X" Min="0" Max="0" Datatype="IS" MinLength="1" MaxLength="4" ItemNo="00115"/>
			<Field Name="Phone Number - Home" Usage="O" Min="0" Max="*" Datatype="XTN" MinLength="1" MaxLength="250" ItemNo="00116"/>
			<Field Name="Phone Number - Business" Usage="O" Min="0" Max="*" Datatype="XTN" MinLength="1" MaxLength="250" ItemNo="00117"/>
			<Field Name="Primary Language" Usage="O" Min="0" Max="1" Datatype="CE" MinLength="1" MaxLength="250" Binding="0296" BindingStrength="R" BindingLocation="1" ItemNo="00118"/>
			<Field Name="Marital Status" Usage="O" Min="0" Max="1" Datatype="CE" MinLength="1" MaxLength="250" Binding="0002" BindingStrength="R" BindingLocation="1" ItemNo="00119"/>
			<Field Name="Religion" Usage="O" Min="0" Max="1" Datatype="CE" MinLength="1" MaxLength="250" Binding="0006" BindingStrength="R" BindingLocation="1" ItemNo="00120"/>
			<Field Name="Patient Account Number" Usage="O" Min="0" Max="1" Datatype="CX" MinLength="1" MaxLength="250" ItemNo="00121"/>
			<Field Name="SSN Number - Patient" Usage="X" Min="0" Max="0" Datatype="ST" MinLength="1" MaxLength="16" ItemNo="00122"/>
			<Field Name="Driver's License Number - Patient" Usage="X" Min="0" Max="0" Datatype="DLN" MinLength="1" MaxLength="25" ItemNo="00123"/>
			<Field Name="Mother's Identifier" Usage="X" Min="0" Max="0" Datatype="CX" MinLength="1" MaxLength="250" ItemNo="00124"/>
			<Field Name="Ethnic Group" Usage="O" Min="0" Max="1" Datatype="CE" MinLength="1" MaxLength="250" Binding="CDCREC_E_IZ" BindingStrength="R" BindingLocation="1" ItemNo="00125"/>
			<Field Name="Birth Place" Usage="O" Min="0" Max="1" Datatype="ST" MinLength="1" MaxLength="250" ItemNo="00126"/>
			<Field Name="Multiple Birth Indicator" Usage="O" Min="0" Max="1" Datatype="ID" MinLength="1" MaxLength="1" Binding="HL70136_IZ" BindingStrength="R" ItemNo="00127"/>
			<Field Name="Birth Order" Usage="O" Min="0" Max="1" Datatype="NM" MinLength="1" MaxLength="2" ItemNo="00128"/>
			<Field Name="Citizenship" Usage="O" Min="0" Max="*" Datatype="CE" MinLength="1" MaxLength="250" Binding="0171" BindingStrength="R" BindingLocation="1" ItemNo="00129"/>
			<Field Name="Veterans Military Status" Usage="O" Min="0" Max="1" Datatype="CE_IZ" MinLength="1" MaxLength="250" Binding="0172" BindingStrength="R" BindingLocation="1" ItemNo="00130"/>
			<Field Name="Nationality" Usage="O" Min="0" Max="1" Datatype="CE" MinLength="1" MaxLength="250" Binding="0212" BindingStrength="R" BindingLocation="1" ItemNo="00739"/>
			<Field Name="Patient Death Date and Time" Usage="O" Min="0" Max="1" Datatype="TS" MinLength="1" MaxLength="26" ItemNo="00740"/>
			<Field Name="Patient Death Indicator" Usage="RE" Min="0" Max="1" Datatype="ID" MinLength="1" MaxLength="1" Binding="HL70136_IZ" BindingStrength="R" ItemNo="00741"/>
			<Field Name="Identity Unknown Indicator" Usage="O" Min="0" Max="1" Datatype="ID" MinLength="1" MaxLength="1" ItemNo="01535"/>
			<Field Name="Identity Reliability Code" Usage="O" Min="0" Max="*" Datatype="IS" MinLength="1" MaxLength="20" Binding="0445" BindingStrength="R" ItemNo="01536"/>
			<Field Name="Last Update Date/Time" Usage="O" Min="0" Max="1" Datatype="TS" MinLength="1" MaxLength="26" ItemNo="01537"/>
			<Field Name="Last Update Facility" Usage="O" Min="0" Max="1" Datatype="HD" MinLength="1" MaxLength="241" ItemNo="01538"/>
			<Field Name="Species Code" Usage="O" Min="0" Max="1" Datatype="CE" MinLength="1" MaxLength="250" Binding="0446" BindingStrength="R" BindingLocation="1" ItemNo="01539"/>
			<Field Name="Breed Code" Usage="O" Min="0" Max="1" Datatype="CE" MinLength="1" MaxLength="250" Binding="0447" BindingStrength="R" BindingLocation="1" ItemNo="01540"/>
			<Field Name="Strain" Usage="O" Min="0" Max="1" Datatype="ST" MinLength="1" MaxLength="80" ItemNo="01541"/>
			<Field Name="Production Class Code" Usage="O" Min="0" Max="1" Datatype="CE" MinLength="1" MaxLength="250" Binding="0429" BindingStrength="R" BindingLocation="1" ItemNo="01542"/>
			<Field Name="Tribal Citizenship" Usage="O" Min="0" Max="*" Datatype="CWE" MinLength="1" MaxLength="250" Binding="0171" BindingStrength="R" BindingLocation="1" ItemNo="01840"/>
		</Segment>
		<Segment ID="ORC" Name="ORC" Description="Common Order">
			<Field Name="Order Control" Usage="R" Min="1" Max="1" Datatype="ID" MinLength="1" MaxLength="2" Binding="HL70119_IZ" BindingStrength="R" ItemNo="00215"/>
			<Field Name="Placer Order Number" Usage="RE" Min="0" Max="1" Datatype="EI_IZ" MinLength="1" MaxLength="22" ItemNo="00216"/>
			<Field Name="Filler Order Number" Usage="R" Min="1" Max="1" Datatype="EI_IZ" MinLength="1" MaxLength="22" ItemNo="00217"/>
			<Field Name="Placer Group Number" Usage="O" Min="0" Max="1" Datatype="EI" MinLength="1" MaxLength="22" ItemNo="00218"/>
			<Field Name="Order Status" Usage="O" Min="0" Max="1" Datatype="ID" MinLength="1" MaxLength="2" Binding="0038" BindingStrength="R" ItemNo="00219"/>
			<Field Name="Response Flag" Usage="O" Min="0" Max="1" Datatype="ID" MinLength="1" MaxLength="1" Binding="0121" BindingStrength="R" ItemNo="00220"/>
			<Field Name="Quantity/Timing" Usage="X" Min="0" Max="*" Datatype="TQ" MinLength="1" MaxLength="200" ItemNo="00221"/>
			<Field Name="Parent" Usage="O" Min="0" Max="1" Datatype="EIP" MinLength="1" MaxLength="200" ItemNo="00222"/>
			<Field Name="Date/Time of Transaction" Usage="O" Min="0" Max="1" Datatype="TS" MinLength="1" MaxLength="26" ItemNo="00223"/>
			<Field Name="Entered By" Usage="O" Min="0" Max="*" Datatype="XCN_IZ" MinLength="1" MaxLength="250" ItemNo="00224"/>
			<Field Name="Verified By" Usage="O" Min="0" Max="*" Datatype="XCN_IZ" MinLength="1" MaxLength="250" ItemNo="00225"/>
			<Field Name="Ordering Provider" Usage="O" Min="0" Max="*" Datatype="XCN_IZ" MinLength="1" MaxLength="250" ItemNo="00226"/>
			<Field Name="Enterer's Location" Usage="O" Min="0" Max="1" Datatype="PL" MinLength="1" MaxLength="80" ItemNo="00227"/>
			<Field Name="Call Back Phone Number" Usage="O" Min="0" Max="2" Datatype="XTN" MinLength="1" MaxLength="250" ItemNo="00228"/>
			<Field Name="Order Effective Date/Time" Usage="O" Min="0" Max="1" Datatype="TS" MinLength="1" MaxLength="26" ItemNo="00229"/>
			<Field Name="Order Control Code Reason" Usage="O" Min="0" Max="1" Datatype="CE" MinLength="1" MaxLength="250" ItemNo="00230"/>
			<Field Name="Entering Organization" Usage="RE" Min="0" Max="1" Datatype="CE_IZ" MinLength="1" MaxLength="250" Binding="HL70362_IZ" BindingStrength="R" ItemNo="00231" BindingLocation="1"/>
			<Field Name="Entering Device" Usage="O" Min="0" Max="1" Datatype="CE" MinLength="1" MaxLength="250" ItemNo="00232"/>
			<Field Name="Action By" Usage="O" Min="0" Max="*" Datatype="XCN_IZ" MinLength="1" MaxLength="250" ItemNo="00233"/>
			<Field Name="Advanced Beneficiary Notice Code" Usage="O" Min="0" Max="1" Datatype="CE" MinLength="1" MaxLength="250" Binding="0339" BindingStrength="R" BindingLocation="1" ItemNo="01310"/>
			<Field Name="Ordering Facility Name" Usage="O" Min="0" Max="*" Datatype="XON" MinLength="1" MaxLength="250" ItemNo="01311"/>
			<Field Name="Ordering Facility Address" Usage="O" Min="0" Max="*" Datatype="XAD_IZ" MinLength="1" MaxLength="250" ItemNo="01312"/>
			<Field Name="Ordering Facility Phone Number" Usage="O" Min="0" Max="*" Datatype="XTN" MinLength="1" MaxLength="250" ItemNo="01313"/>
			<Field Name="Ordering Provider Address" Usage="O" Min="0" Max="*" Datatype="XAD_IZ" MinLength="1" MaxLength="250" ItemNo="01314"/>
			<Field Name="Order Status Modifier" Usage="O" Min="0" Max="1" Datatype="CWE" MinLength="1" MaxLength="250" ItemNo="01473"/>
			<Field Name="Advanced Beneficiary Notice Override Reason" Usage="O" Min="0" Max="1" Datatype="CWE" MinLength="1" MaxLength="60" Binding="0552" BindingStrength="R" BindingLocation="1" ItemNo="01641"/>
			<Field Name="Filler's Expected Availability Date/Time" Usage="O" Min="0" Max="1" Datatype="TS" MinLength="1" MaxLength="26" ItemNo="01642"/>
			<Field Name="Confidentiality Code" Usage="O" Min="0" Max="1" Datatype="CWE" MinLength="1" MaxLength="250" Binding="0177" BindingStrength="R" BindingLocation="1" ItemNo="00615"/>
			<Field Name="Order Type" Usage="O" Min="0" Max="1" Datatype="CWE" MinLength="1" MaxLength="250" Binding="0482" BindingStrength="R" BindingLocation="1" ItemNo="01643"/>
			<Field Name="Enterer Authorization Mode" Usage="O" Min="0" Max="1" Datatype="CNE" MinLength="1" MaxLength="250" Binding="0483" BindingStrength="R" BindingLocation="1" ItemNo="01644"/>
			<Field Name="Parent Universal Service Identifier" Usage="O" Min="0" Max="1" Datatype="CWE" MinLength="1" MaxLength="250" ItemNo="02286"/>
		</Segment>
		<Segment ID="RXA_IZ 1_5" Name="RXA" Description="Pharmacy/Treatment Administration">
			<Field Name="Give Sub-ID Counter" Usage="R" Min="1" Max="1" Datatype="NM" MinLength="1" MaxLength="1" ItemNo="00342"/>
			<Field Name="Administration Sub-ID Counter" Usage="R" Min="1" Max="1" Datatype="NM" MinLength="1" MaxLength="1" ItemNo="00344"/>
			<Field Name="Date/Time Start of Administration" Usage="R" Min="1" Max="1" Datatype="TS_NZ" MinLength="1" MaxLength="26" ItemNo="00345"/>
			<Field Name="Date/Time End of Administration" Usage="O" Min="0" Max="1" Datatype="TS" MinLength="1" MaxLength="26" ItemNo="00346"/>
			<Field Name="Administered Code" Usage="R" Min="1" Max="1" Datatype="CE_IZ" MinLength="1" MaxLength="250" Binding="CVX" BindingStrength="R" BindingLocation="1" ItemNo="00347"/>
			<Field Name="Administered Amount" Usage="R" Min="1" Max="1" Datatype="NM" MinLength="1" MaxLength="20" ItemNo="00348"/>
			<Field Name="Administered Units" Usage="C" Min="0" Max="1" Datatype="CE_IZ" MinLength="1" MaxLength="250" Binding="UCUM" BindingStrength="R" BindingLocation="1" ItemNo="00349"/>
			<Field Name="Administered Dosage Form" Usage="O" Min="0" Max="1" Datatype="CE" MinLength="1" MaxLength="250" ItemNo="00350"/>
			<Field Name="Administration Notes" Usage="C" Min="0" Max="*" Datatype="CE_IZ" MinLength="1" MaxLength="250" Binding="NIP001" BindingStrength="R" BindingLocation="1" ItemNo="00351"/>
			<Field Name="Administering Provider" Usage="C" Min="0" Max="1" Datatype="XCN_IZ" MinLength="1" MaxLength="250" ItemNo="00352"/>
			<Field Name="Administered-at Location" Usage="C" Min="0" Max="1" Datatype="LA2_IZ" MinLength="1" MaxLength="200" ItemNo="00353"/>
			<Field Name="Administered Per (Time Unit)" Usage="O" Min="0" Max="1" Datatype="ST" MinLength="1" MaxLength="20" ItemNo="00354"/>
			<Field Name="Administered Strength" Usage="O" Min="0" Max="1" Datatype="NM" MinLength="1" MaxLength="20" ItemNo="01134"/>
			<Field Name="Administered Strength Units" Usage="O" Min="0" Max="1" Datatype="CE" MinLength="1" MaxLength="250" ItemNo="01135"/>
			<Field Name="Substance Lot Number" Usage="O" Min="0" Max="*" Datatype="ST" MinLength="1" MaxLength="20" ItemNo="01129"/>
			<Field Name="Substance Expiration Date" Usage="O" Min="0" Max="1" Datatype="TS_M" MinLength="1" MaxLength="26" ItemNo="01130"/>
			<Field Name="Substance Manufacturer Name" Usage="O" Min="0" Max="1" Datatype="CE_IZ" MinLength="1" MaxLength="250" Binding="MVX" BindingStrength="R" BindingLocation="1" ItemNo="01131"/>
			<Field Name="Substance/Treatment Refusal Reason" Usage="C" Min="0" Max="*" Datatype="CE_IZ" MinLength="1" MaxLength="250" Binding="NIP002" BindingStrength="R" BindingLocation="1" ItemNo="01136"/>
			<Field Name="Indication" Usage="O" Min="0" Max="*" Datatype="CE" MinLength="1" MaxLength="250" ItemNo="01123"/>
			<Field Name="Completion Status" Usage="RE" Min="0" Max="1" Datatype="ID" MinLength="1" MaxLength="2" Binding="HL70322_IZ" BindingStrength="R" ItemNo="01223"/>
			<Field Name="Action Code - RXA" Usage="O" Min="0" Max="1" Datatype="ID" MinLength="1" MaxLength="2" Binding="HL70323_IZ" BindingStrength="R" ItemNo="01224"/>
			<Field Name="System Entry Date/Time" Usage="O" Min="0" Max="1" Datatype="TS" MinLength="1" MaxLength="26" ItemNo="01225"/>
			<Field Name="Administered Drug Strength Volume" Usage="O" Min="0" Max="1" Datatype="NM" MinLength="1" MaxLength="5" ItemNo="01696"/>
			<Field Name="Administered Drug Strength Volume Units" Usage="O" Min="0" Max="1" Datatype="CWE" MinLength="1" MaxLength="250" ItemNo="01697"/>
			<Field Name="Administered Barcode Identifier" Usage="O" Min="0" Max="1" Datatype="CWE" MinLength="1" MaxLength="60" ItemNo="01698"/>
			<Field Name="Pharmacy Order Type" Usage="O" Min="0" Max="1" Datatype="ID" MinLength="1" MaxLength="1" Binding="0480" BindingStrength="R" ItemNo="01699"/>
		</Segment>
		<Segment ID="RXR_IZ 1_5" Name="RXR" Description="Pharmacy/Treatment Route">
			<Field Name="Route" Usage="R" Min="1" Max="1" Datatype="CE_IZ" MinLength="1" MaxLength="250" Binding="NCIT" BindingStrength="R" BindingLocation="1" ItemNo="00309"/>
			<Field Name="Administration Site" Usage="RE" Min="0" Max="1" Datatype="CWE_IZ" MinLength="1" MaxLength="250" Binding="HL70163_IZ" BindingStrength="R" BindingLocation="1" ItemNo="00310"/>
			<Field Name="Administration Device" Usage="O" Min="0" Max="1" Datatype="CE" MinLength="1" MaxLength="250" Binding="0164" BindingStrength="R" BindingLocation="1" ItemNo="00311"/>
			<Field Name="Administration Method" Usage="O" Min="0" Max="1" Datatype="CWE" MinLength="1" MaxLength="250" Binding="0165" BindingStrength="R" BindingLocation="1" ItemNo="00312"/>
			<Field Name="Routing Instruction" Usage="O" Min="0" Max="1" Datatype="CE" MinLength="1" MaxLength="250" ItemNo="01315"/>
			<Field Name="Administration Site Modifier" Usage="O" Min="0" Max="1" Datatype="CWE" MinLength="1" MaxLength="250" Binding="0495" BindingStrength="R" BindingLocation="1" ItemNo="01670"/>
		</Segment>
		<Segment ID="OBX_IZ 1_5" Name="OBX" Description="Observation/Result">
			<DynamicMapping>
				<Mapping Position="5" Reference="2">
					<Case Value="NM" Datatype="NM"/>
					<Case Value="CE" Datatype="CE_IZ"/>
					<Case Value="DTM" Datatype="DTM"/>
				</Mapping>
			</DynamicMapping>
			<Field Name="Set ID - OBX" Usage="R" Min="1" Max="1" Datatype="SI" MinLength="1" MaxLength="4" ItemNo="00569"/>
			<Field Name="Value Type" Usage="R" Min="1" Max="1" Datatype="ID" MinLength="2" MaxLength="3" Binding="HL70125_IZ" BindingStrength="R" ItemNo="00570"/>
			<Field Name="Observation Identifier" Usage="R" Min="1" Max="1" Datatype="CE_IZ" MinLength="1" MaxLength="250" Binding="NIP003" BindingStrength="R" BindingLocation="1" ItemNo="00571"/>
			<Field Name="Observation Sub-ID" Usage="R" Min="1" Max="1" Datatype="ST" MinLength="1" MaxLength="20" ItemNo="00572"/>
			<Field Name="Observation Value" Usage="R" Min="1" Max="1" Datatype="varies" MinLength="1" MaxLength="99999" ItemNo="00573"/>
			<Field Name="Units" Usage="C" Min="0" Max="1" Datatype="CE_IZ" MinLength="1" MaxLength="250" Binding="UCUM_0353_IZ" BindingStrength="R" BindingLocation="1" ItemNo="00574"/>
			<Field Name="References Range" Usage="O" Min="0" Max="1" Datatype="ST" MinLength="1" MaxLength="60" ItemNo="00575"/>
			<Field Name="Abnormal Flags" Usage="O" Min="0" Max="*" Datatype="IS" MinLength="1" MaxLength="5" Binding="0078" BindingStrength="R" ItemNo="00576"/>
			<Field Name="Probability" Usage="O" Min="0" Max="1" Datatype="NM" MinLength="1" MaxLength="5" ItemNo="00577"/>
			<Field Name="Nature of Abnormal Test" Usage="O" Min="0" Max="*" Datatype="ID" MinLength="1" MaxLength="2" Binding="0080" BindingStrength="R" ItemNo="00578"/>
			<Field Name="Observation Result Status" Usage="R" Min="1" Max="1" Datatype="ID" MinLength="1" MaxLength="1" Binding="HL70085_IZ" BindingStrength="R" ItemNo="00579"/>
			<Field Name="Effective Date of Reference Range Values" Usage="O" Min="0" Max="1" Datatype="TS" MinLength="1" MaxLength="26" ItemNo="00580"/>
			<Field Name="User Defined Access Checks" Usage="O" Min="0" Max="1" Datatype="ST" MinLength="1" MaxLength="20" ItemNo="00581"/>
			<Field Name="Date/Time of the Observation" Usage="RE" Min="0" Max="1" Datatype="TS_NZ" MinLength="1" MaxLength="26" ItemNo="00582"/>
			<Field Name="Producer's Reference" Usage="O" Min="0" Max="1" Datatype="CE" MinLength="1" MaxLength="250" ItemNo="00583"/>
			<Field Name="Responsible Observer" Usage="O" Min="0" Max="*" Datatype="XCN_IZ" MinLength="1" MaxLength="250" ItemNo="00584"/>
			<Field Name="Observation Method" Usage="O" Min="0" Max="1" Datatype="CE_IZ" MinLength="1" MaxLength="250" Binding="PHVS_FundingEligibilityObsMethod_IIS" BindingStrength="R" BindingLocation="1" ItemNo="00936"/>
			<Field Name="Equipment Instance Identifier" Usage="O" Min="0" Max="*" Datatype="EI" MinLength="1" MaxLength="22" ItemNo="01479"/>
			<Field Name="Date/Time of the Analysis" Usage="O" Min="0" Max="1" Datatype="TS" MinLength="1" MaxLength="26" ItemNo="01480"/>
			<Field Name="Reserved for harmonization with V2.6" Usage="X" Min="0" Max="0" Datatype="varies" MinLength="0" MaxLength="0" ItemNo="09999"/>
			<Field Name="Reserved for harmonization with V2.6" Usage="X" Min="0" Max="0" Datatype="varies" MinLength="0" MaxLength="0" ItemNo="09999"/>
			<Field Name="Reserved for harmonization with V2.6" Usage="X" Min="0" Max="0" Datatype="varies" MinLength="0" MaxLength="0" ItemNo="09999"/>
			<Field Name="Performing Organization Name" Usage="O" Min="0" Max="1" Datatype="XON_IZ" MinLength="1" MaxLength="567" ItemNo="02283"/>
			<Field Name="Performing Organization Address" Usage="O" Min="0" Max="1" Datatype="XAD_IZ" MinLength="1" MaxLength="631" ItemNo="02284"/>
			<Field Name="Performing Organization Medical Director" Usage="O" Min="0" Max="1" Datatype="XCN_IZ" MinLength="1" MaxLength="3002" ItemNo="02285"/>
		</Segment>
	</Segments>
	<Datatypes>
		<Datatype ID="TS_Z" Name="TS" Description="Time Stamp">
			<Component Name="Time" Usage="R" Datatype="DTM" MinLength="1" MaxLength="24"/>
			<Component Name="Degree of Precision" Usage="X" Datatype="ID" MinLength="1" MaxLength="1" Binding="0529" BindingStrength="R"/>
		</Datatype>
		<Datatype ID="XCN_IZ" Name="XCN" Description="Extended Composite ID Number and Name for Persons">
			<Component Name="ID Number" Usage="C" Datatype="ST" MinLength="1" MaxLength="15"/>
			<Component Name="Family Name" Usage="RE" Datatype="FN" MinLength="1" MaxLength="194"/>
			<Component Name="Given Name" Usage="RE" Datatype="ST" MinLength="1" MaxLength="30"/>
			<Component Name="Second and Further Given Names or Initials Thereof" Usage="RE" Datatype="ST" MinLength="1" MaxLength="30"/>
			<Component Name="Suffix (e.g., JR or III)" Usage="O" Datatype="ST" MinLength="1" MaxLength="20"/>
			<Component Name="Prefix (e.g., DR)" Usage="O" Datatype="ST" MinLength="1" MaxLength="20"/>
			<Component Name="Degree (e.g., MD)" Usage="X" Datatype="IS" MinLength="1" MaxLength="5" Binding="0360" BindingStrength="R"/>
			<Component Name="Source Table" Usage="O" Datatype="IS" MinLength="1" MaxLength="4" Binding="0297" BindingStrength="R"/>
			<Component Name="Assigning Authority" Usage="C" Datatype="HD_IZ" MinLength="1" MaxLength="227" Binding="HL70363_IZ" BindingStrength="R" BindingLocation="1"/>
			<Component Name="Name Type Code" Usage="RE" Datatype="ID" MinLength="1" MaxLength="1" Binding="HL70200_IZ" BindingStrength="R"/>
			<Component Name="Identifier Check Digit" Usage="O" Datatype="ST" MinLength="1" MaxLength="1"/>
			<Component Name="Check Digit Scheme" Usage="C" Datatype="ID" MinLength="1" MaxLength="3" Binding="0061" BindingStrength="R"/>
			<Component Name="Identifier Type Code" Usage="C" Datatype="ID" MinLength="1" MaxLength="5" Binding="HL70203_IZ" BindingStrength="R"/>
			<Component Name="Assigning Facility" Usage="O" Datatype="HD" MinLength="1" MaxLength="227"/>
			<Component Name="Name Representation Code" Usage="O" Datatype="ID" MinLength="1" MaxLength="1" Binding="0465" BindingStrength="R"/>
			<Component Name="Name Context" Usage="O" Datatype="CE" MinLength="1" MaxLength="483" Binding="0448" BindingStrength="R" BindingLocation="1"/>
			<Component Name="Name Validity Range" Usage="X" Datatype="DR_IZ" MinLength="1" MaxLength="53"/>
			<Component Name="Name Assembly Order" Usage="X" Datatype="ID" MinLength="1" MaxLength="1" Binding="0444" BindingStrength="R"/>
			<Component Name="Effective Date" Usage="O" Datatype="TS" MinLength="1" MaxLength="26"/>
			<Component Name="Expiration Date" Usage="O" Datatype="TS" MinLength="1" MaxLength="26"/>
			<Component Name="Professional Suffix" Usage="O" Datatype="ST" MinLength="1" MaxLength="199"/>
			<Component Name="Assigning Jurisdiction" Usage="O" Datatype="CWE" MinLength="1" MaxLength="705"/>
			<Component Name="Assigning Agency or Department" Usage="O" Datatype="CWE" MinLength="1" MaxLength="705"/>
		</Datatype>
		<Datatype ID="CX_IZ" Name="CX" Description="Extended Composite ID with Check Digit">
			<Component Name="ID Number" Usage="R" Datatype="ST" MinLength="1" MaxLength="15"/>
			<Component Name="Check Digit" Usage="O" Datatype="ST" MinLength="1" MaxLength="1"/>
			<Component Name="Check Digit Scheme" Usage="C" Datatype="ID" MinLength="1" MaxLength="3" Binding="HL70061_IZ" BindingStrength="R"/>
			<Component Name="Assigning Authority" Usage="R" Datatype="HD_IZ" MinLength="1" MaxLength="227" Binding="HL70363_IZ" BindingStrength="R" BindingLocation="1"/>
			<Component Name="Identifier Type Code" Usage="R" Datatype="ID" MinLength="2" MaxLength="5" Binding="HL70203_IZ" BindingStrength="R"/>
			<Component Name="Assigning Facility" Usage="O" Datatype="HD" MinLength="1" MaxLength="227"/>
			<Component Name="Effective Date" Usage="O" Datatype="DT" MinLength="1" MaxLength="8"/>
			<Component Name="Expiration Date" Usage="O" Datatype="DT" MinLength="1" MaxLength="8"/>
			<Component Name="Assigning Jurisdiction" Usage="O" Datatype="CWE" MinLength="1" MaxLength="705"/>
			<Component Name="Assigning Agency or Department" Usage="O" Datatype="CWE" MinLength="1" MaxLength="705"/>
		</Datatype>
		<Datatype ID="LA2_IZ" Name="LA2" Description="Location with Address Variation 2">
			<Component Name="Point of Care" Usage="O" Datatype="IS" MinLength="1" MaxLength="20" Binding="0302" BindingStrength="R"/>
			<Component Name="Room" Usage="O" Datatype="IS" MinLength="1" MaxLength="20" Binding="0303" BindingStrength="R"/>
			<Component Name="Bed" Usage="O" Datatype="IS" MinLength="1" MaxLength="20" Binding="0304" BindingStrength="R"/>
			<Component Name="Facility" Usage="R" Datatype="HD_IZ" MinLength="1" MaxLength="227"/>
			<Component Name="Location Status" Usage="O" Datatype="IS" MinLength="1" MaxLength="20" Binding="0306" BindingStrength="R"/>
			<Component Name="Patient Location Type" Usage="O" Datatype="IS" MinLength="1" MaxLength="20" Binding="0305" BindingStrength="R"/>
			<Component Name="Building" Usage="O" Datatype="IS" MinLength="1" MaxLength="20" Binding="0307" BindingStrength="R"/>
			<Component Name="Floor" Usage="O" Datatype="IS" MinLength="1" MaxLength="20" Binding="0308" BindingStrength="R"/>
			<Component Name="Street Address" Usage="O" Datatype="ST" MinLength="1" MaxLength="120"/>
			<Component Name="Other Designation" Usage="O" Datatype="ST" MinLength="1" MaxLength="120"/>
			<Component Name="City" Usage="O" Datatype="ST" MinLength="1" MaxLength="50"/>
			<Component Name="State or Province" Usage="O" Datatype="ST" MinLength="1" MaxLength="50"/>
			<Component Name="Zip or Postal Code" Usage="O" Datatype="ST" MinLength="1" MaxLength="12"/>
			<Component Name="Country" Usage="O" Datatype="ID" MinLength="1" MaxLength="3" Binding="0399" BindingStrength="R"/>
			<Component Name="Address Type" Usage="O" Datatype="ID" MinLength="1" MaxLength="3" Binding="0190" BindingStrength="R"/>
			<Component Name="Other Geographic Designation" Usage="O" Datatype="ST" MinLength="1" MaxLength="50"/>
		</Datatype>
		<Datatype ID="XPN_DR" Name="XPN" Description="Extended Person Name">
			<Component Name="Family Name" Usage="O" Datatype="FN" MinLength="1" MaxLength="194"/>
			<Component Name="Given Name" Usage="O" Datatype="ST" MinLength="1" MaxLength="30"/>
			<Component Name="Second and Further Given Names or Initials Thereof" Usage="O" Datatype="ST" MinLength="1" MaxLength="30"/>
			<Component Name="Suffix (e.g., JR or III)" Usage="O" Datatype="ST" MinLength="1" MaxLength="20"/>
			<Component Name="Prefix (e.g., DR)" Usage="O" Datatype="ST" MinLength="1" MaxLength="20"/>
			<Component Name="Degree (e.g., MD)" Usage="X" Datatype="IS" MinLength="1" MaxLength="6" Binding="0360" BindingStrength="R"/>
			<Component Name="Name Type Code" Usage="O" Datatype="ID" MinLength="1" MaxLength="1" Binding="HL70200_IZ" BindingStrength="R"/>
			<Component Name="Name Representation Code" Usage="O" Datatype="ID" MinLength="1" MaxLength="1" Binding="0465" BindingStrength="R"/>
			<Component Name="Name Context" Usage="O" Datatype="CE" MinLength="1" MaxLength="483" Binding="0448" BindingStrength="R" BindingLocation="1"/>
			<Component Name="Name Validity Range" Usage="X" Datatype="DR_IZ" MinLength="1" MaxLength="53"/>
			<Component Name="Name Assembly Order" Usage="O" Datatype="ID" MinLength="1" MaxLength="1" Binding="0444" BindingStrength="R"/>
			<Component Name="Effective Date" Usage="O" Datatype="TS" MinLength="1" MaxLength="26"/>
			<Component Name="Expiration Date" Usage="O" Datatype="TS" MinLength="1" MaxLength="26"/>
			<Component Name="Professional Suffix" Usage="O" Datatype="ST" MinLength="1" MaxLength="199"/>
		</Datatype>
		<Datatype ID="PT_IZ" Name="PT" Description="Processing Type">
			<Component Name="Processing ID" Usage="R" Datatype="ID" MinLength="1" MaxLength="1" Binding="HL70103_IZ" BindingStrength="R"/>
			<Component Name="Processing Mode" Usage="O" Datatype="ID" MinLength="1" MaxLength="1" Binding="0207" BindingStrength="R"/>
		</Datatype>
		<Datatype ID="VID_IZ" Name="VID" Description="Version Identifier">
			<Component Name="Version ID" Usage="R" Datatype="ID" MinLength="5" MaxLength="5" Binding="HL70104_IZ" BindingStrength="R"/>
			<Component Name="Internationalization Code" Usage="O" Datatype="CE" MinLength="1" MaxLength="483" Binding="0399" BindingStrength="R" BindingLocation="1"/>
			<Component Name="International Version ID" Usage="O" Datatype="CE" MinLength="1" MaxLength="483"/>
		</Datatype>
		<Datatype ID="CWE_IZ" Name="CWE" Description="Coded with Exceptions">
			<Component Name="Identifier" Usage="R" Datatype="ST" MinLength="1" MaxLength="999"/>
			<Component Name="Text" Usage="RE" Datatype="ST" MinLength="1" MaxLength="999"/>
			<Component Name="Name of Coding System" Usage="C" Datatype="ID" MinLength="1" MaxLength="20" Binding="HL70396_IZ" BindingStrength="R"/>
			<Component Name="Alternate Identifier" Usage="O" Datatype="ST" MinLength="1" MaxLength="999"/>
			<Component Name="Alternate Text" Usage="C" Datatype="ST" MinLength="1" MaxLength="999" Hide="true"/>
			<Component Name="Name of Alternate Coding System" Usage="C" Datatype="ID" MinLength="1" MaxLength="20" Binding="HL70396_IZ" BindingStrength="R" Hide="true"/>
			<Component Name="Coding System Version ID" Usage="O" Datatype="ST" MinLength="1" MaxLength="10"/>
			<Component Name="Alternate Coding System Version ID" Usage="O" Datatype="ST" MinLength="1" MaxLength="10"/>
			<Component Name="Original Text" Usage="O" Datatype="ST" MinLength="1" MaxLength="199"/>
		</Datatype>
		<Datatype ID="TS_M" Name="TS" Description="Time Stamp">
			<Component Name="Time" Usage="R" Datatype="DTM" MinLength="1" MaxLength="24"/>
			<Component Name="Degree of Precision" Usage="X" Datatype="ID" MinLength="1" MaxLength="1" Binding="0529" BindingStrength="R"/>
		</Datatype>
		<Datatype ID="ERL_IZ" Name="ERL" Description="Error Location">
			<Component Name="Segment ID" Usage="R" Datatype="ST" MinLength="3" MaxLength="3"/>
			<Component Name="Segment Sequence" Usage="R" Datatype="NM" MinLength="1" MaxLength="2"/>
			<Component Name="Field Position" Usage="C" Datatype="NM" MinLength="1" MaxLength="2"/>
			<Component Name="Field Repetition" Usage="C" Datatype="NM" MinLength="1" MaxLength="2"/>
			<Component Name="Component Number" Usage="C" Datatype="NM" MinLength="1" MaxLength="2"/>
			<Component Name="Sub-Component Number" Usage="RE" Datatype="NM" MinLength="1" MaxLength="2"/>
		</Datatype>
		<Datatype ID="DR_IZ" Name="DR" Description="Date/Time Range">
			<Component Name="Range Start Date/Time" Usage="O" Datatype="DTM" MinLength="1" MaxLength="26"/>
			<Component Name="Range End Date/Time" Usage="O" Datatype="DTM" MinLength="1" MaxLength="26"/>
		</Datatype>
		<Datatype ID="EI_IZ" Name="EI" Description="Entity Identifier">
			<Component Name="Entity Identifier" Usage="R" Datatype="ST" MinLength="1" MaxLength="199"/>
			<Component Name="Namespace ID" Usage="C" Datatype="IS" MinLength="1" MaxLength="20" Binding="HL70363_IZ" BindingStrength="R"/>
			<Component Name="Universal ID" Usage="C" Datatype="ST" MinLength="1" MaxLength="199"/>
			<Component Name="Universal ID Type" Usage="C" Datatype="ID" MinLength="1" MaxLength="6" Binding="HL70301_IZ" BindingStrength="R"/>
		</Datatype>
		<Datatype ID="XPN_IZ" Name="XPN" Description="Extended Person Name">
			<Component Name="Family Name" Usage="R" Datatype="FN" MinLength="1" MaxLength="194"/>
			<Component Name="Given Name" Usage="R" Datatype="ST" MinLength="1" MaxLength="30"/>
			<Component Name="Second and Further Given Names or Initials Thereof" Usage="RE" Datatype="ST" MinLength="1" MaxLength="30"/>
			<Component Name="Suffix (e.g., JR or III)" Usage="O" Datatype="ST" MinLength="1" MaxLength="20"/>
			<Component Name="Prefix (e.g., DR)" Usage="O" Datatype="ST" MinLength="1" MaxLength="20"/>
			<Component Name="Degree (e.g., MD)" Usage="X" Datatype="IS" MinLength="1" MaxLength="6" Binding="0360" BindingStrength="R"/>
			<Component Name="Name Type Code" Usage="R" Datatype="ID" MinLength="1" MaxLength="1" Binding="HL70200_IZ" BindingStrength="R"/>
			<Component Name="Name Representation Code" Usage="O" Datatype="ID" MinLength="1" MaxLength="1" Binding="0465" BindingStrength="R"/>
			<Component Name="Name Context" Usage="O" Datatype="CE" MinLength="1" MaxLength="483" Binding="0448" BindingStrength="R" BindingLocation="1"/>
			<Component Name="Name Validity Range" Usage="X" Datatype="DR_IZ" MinLength="1" MaxLength="53"/>
			<Component Name="Name Assembly Order" Usage="O" Datatype="ID" MinLength="1" MaxLength="1" Binding="0444" BindingStrength="R"/>
			<Component Name="Effective Date" Usage="O" Datatype="TS" MinLength="1" MaxLength="26"/>
			<Component Name="Expiration Date" Usage="O" Datatype="TS" MinLength="1" MaxLength="26"/>
			<Component Name="Professional Suffix" Usage="O" Datatype="ST" MinLength="1" MaxLength="199"/>
		</Datatype>
		<Datatype ID="TS_NZ" Name="TS" Description="Time Stamp">
			<Component Name="Time" Usage="R" Datatype="DTM" MinLength="1" MaxLength="24"/>
			<Component Name="Degree of Precision" Usage="X" Datatype="ID" MinLength="1" MaxLength="1" Binding="0529" BindingStrength="R"/>
		</Datatype>
		<Datatype ID="MSG_IZ_RSP" Name="MSG" Description="Message Type">
			<Component Name="Message Code" Usage="R" Datatype="ID" MinLength="3" MaxLength="3" Binding="HL70076_IZ" BindingStrength="R"/>
			<Component Name="Trigger Event" Usage="R" Datatype="ID" MinLength="3" MaxLength="3" Binding="HL70003_IZ" BindingStrength="R"/>
			<Component Name="Message Structure" Usage="R" Datatype="ID" MinLength="3" MaxLength="7" Binding="HL70354_IZ" BindingStrength="R"/>
		</Datatype>
		<Datatype ID="CQ_ST" Name="CQ" Description="Composite Quantity with Units">
			<Component Name="Quantity" Usage="O" Datatype="NM" MinLength="1" MaxLength="16"/>
			<Component Name="Units" Usage="O" Datatype="ST" MinLength="1" MaxLength="483" Binding="HL70126_IZ" BindingStrength="R"/>
		</Datatype>
		<Datatype ID="CE_IZ" Name="CE" Description="Coded Element">
			<Component Name="Identifier" Usage="R" Datatype="ST" MinLength="1" MaxLength="50"/>
			<Component Name="Text" Usage="RE" Datatype="ST" MinLength="1" MaxLength="999"/>
			<Component Name="Name of Coding System" Usage="R" Datatype="ID" MinLength="1" MaxLength="20" Binding="HL70396_IZ" BindingStrength="R"/>
			<Component Name="Alternate Identifier" Usage="O" Datatype="ST" MinLength="1" MaxLength="50"/>
			<Component Name="Alternate Text" Usage="C" Datatype="ST" MinLength="1" MaxLength="999" Hide="true"/>
			<Component Name="Name of Alternate Coding System" Usage="C" Datatype="ID" MinLength="1" MaxLength="20" Binding="HL70396_IZ" BindingStrength="R" Hide="true"/>
		</Datatype>
		<Datatype ID="TQ" Name="TQ" Description="Timing Quantity">
			<Component Name="Quantity" Usage="O" Datatype="CQ_ST" MinLength="1" MaxLength="267"/>
			<Component Name="Interval" Usage="O" Datatype="RI" MinLength="1" MaxLength="206"/>
			<Component Name="Duration" Usage="O" Datatype="ST" MinLength="1" MaxLength="6"/>
			<Component Name="Start Date/Time" Usage="O" Datatype="TS" MinLength="1" MaxLength="26"/>
			<Component Name="End Date/Time" Usage="O" Datatype="TS" MinLength="1" MaxLength="26"/>
			<Component Name="Priority" Usage="O" Datatype="ST" MinLength="1" MaxLength="6"/>
			<Component Name="Condition" Usage="O" Datatype="ST" MinLength="1" MaxLength="199"/>
			<Component Name="Text" Usage="O" Datatype="TX" MinLength="1" MaxLength="200"/>
			<Component Name="Conjunction" Usage="O" Datatype="ID" MinLength="1" MaxLength="1" Binding="0472" BindingStrength="R"/>
			<Component Name="Order Sequencing" Usage="O" Datatype="OSD" MinLength="1" MaxLength="110"/>
			<Component Name="Occurrence Duration" Usage="O" Datatype="CE" MinLength="1" MaxLength="483"/>
			<Component Name="Total Occurrences" Usage="O" Datatype="NM" MinLength="1" MaxLength="4"/>
		</Datatype>
		<Datatype ID="XAD_IZ" Name="XAD" Description="Extended Address">
			<Component Name="Street Address" Usage="RE" Datatype="SAD_IZ" MinLength="1" MaxLength="184"/>
			<Component Name="Other Designation" Usage="RE" Datatype="ST" MinLength="1" MaxLength="120"/>
			<Component Name="City" Usage="RE" Datatype="ST" MinLength="1" MaxLength="50"/>
			<Component Name="State or Province" Usage="RE" Datatype="ST" MinLength="1" MaxLength="50"/>
			<Component Name="Zip or Postal Code" Usage="RE" Datatype="ST" MinLength="1" MaxLength="12"/>
			<Component Name="Country" Usage="RE" Datatype="ID" MinLength="1" MaxLength="3" Binding="0399" BindingStrength="R"/>
			<Component Name="Address Type" Usage="R" Datatype="ID" MinLength="1" MaxLength="3" Binding="HL70190_IZ" BindingStrength="R"/>
			<Component Name="Other Geographic Designation" Usage="O" Datatype="ST" MinLength="1" MaxLength="50"/>
			<Component Name="County/Parish Code" Usage="O" Datatype="IS" MinLength="1" MaxLength="20" Binding="0289" BindingStrength="R"/>
			<Component Name="Census Tract" Usage="O" Datatype="IS" MinLength="1" MaxLength="20" Binding="0288" BindingStrength="R"/>
			<Component Name="Address Representation Code" Usage="O" Datatype="ID" MinLength="1" MaxLength="1" Binding="0465" BindingStrength="R"/>
			<Component Name="Address Validity Range" Usage="X" Datatype="DR_IZ" MinLength="1" MaxLength="53"/>
			<Component Name="Effective Date" Usage="O" Datatype="TS" MinLength="1" MaxLength="26"/>
			<Component Name="Expiration Date" Usage="O" Datatype="TS" MinLength="1" MaxLength="26"/>
		</Datatype>
		<Datatype ID="XPN_M" Name="XPN" Description="Extended Person Name">
			<Component Name="Family Name" Usage="R" Datatype="FN" MinLength="1" MaxLength="194"/>
			<Component Name="Given Name" Usage="O" Datatype="ST" MinLength="1" MaxLength="30"/>
			<Component Name="Second and Further Given Names or Initials Thereof" Usage="O" Datatype="ST" MinLength="1" MaxLength="30"/>
			<Component Name="Suffix (e.g., JR or III)" Usage="O" Datatype="ST" MinLength="1" MaxLength="20"/>
			<Component Name="Prefix (e.g., DR)" Usage="O" Datatype="ST" MinLength="1" MaxLength="20"/>
			<Component Name="Degree (e.g., MD)" Usage="X" Datatype="IS" MinLength="1" MaxLength="6" Binding="0360" BindingStrength="R"/>
			<Component Name="Name Type Code" Usage="R" Datatype="ID" MinLength="1" MaxLength="1" Binding="HL70200_IZ" BindingStrength="R"/>
			<Component Name="Name Representation Code" Usage="O" Datatype="ID" MinLength="1" MaxLength="1" Binding="0465" BindingStrength="R"/>
			<Component Name="Name Context" Usage="O" Datatype="CE" MinLength="1" MaxLength="483" Binding="0448" BindingStrength="R" BindingLocation="1"/>
			<Component Name="Name Validity Range" Usage="X" Datatype="DR_IZ" MinLength="1" MaxLength="53"/>
			<Component Name="Name Assembly Order" Usage="O" Datatype="ID" MinLength="1" MaxLength="1" Binding="0444" BindingStrength="R"/>
			<Component Name="Effective Date" Usage="O" Datatype="TS" MinLength="1" MaxLength="26"/>
			<Component Name="Expiration Date" Usage="O" Datatype="TS" MinLength="1" MaxLength="26"/>
			<Component Name="Professional Suffix" Usage="O" Datatype="ST" MinLength="1" MaxLength="199"/>
		</Datatype>
		<Datatype ID="HD_IZ" Name="HD" Description="Hierarchic Designator">
			<Component Name="Namespace ID" Usage="C" Datatype="IS" MinLength="1" MaxLength="20" Binding="HL70363_IZ" BindingStrength="R"/>
			<Component Name="Universal ID" Usage="C" Datatype="ST" MinLength="1" MaxLength="199"/>
			<Component Name="Universal ID Type" Usage="C" Datatype="ID" MinLength="1" MaxLength="6" Binding="HL70301_IZ" BindingStrength="R"/>
		</Datatype>
		<Datatype ID="XON_IZ" Name="XON" Description="Extended Composite Name and Identification Number for Organizations">
			<Component Name="Organization Name" Usage="RE" Datatype="ST" MinLength="1" MaxLength="50"/>
			<Component Name="Organization Name Type Code" Usage="O" Datatype="IS" MinLength="1" MaxLength="20"/>
			<Component Name="ID Number" Usage="X" Datatype="NM" MinLength="1" MaxLength="4"/>
			<Component Name="Check Digit" Usage="O" Datatype="NM" MinLength="1" MaxLength="1"/>
			<Component Name="Check Digit Scheme" Usage="O" Datatype="ID" MinLength="1" MaxLength="3"/>
			<Component Name="Assigning Authority" Usage="C" Datatype="HD_IZ" MinLength="1" MaxLength="227"/>
			<Component Name="Identifier Type Code" Usage="C" Datatype="ID" MinLength="2" MaxLength="5" Binding="HL70203_IZ" BindingStrength="R"/>
			<Component Name="Assigning Facility" Usage="O" Datatype="HD" MinLength="1" MaxLength="227"/>
			<Component Name="Name Representation Code" Usage="O" Datatype="ID" MinLength="1" MaxLength="1"/>
			<Component Name="Organization Identifier" Usage="C" Datatype="ST" MinLength="1" MaxLength="20"/>
		</Datatype>
		<Datatype ID="XTN_IZ" Name="XTN" Description="Extended Telecommunication Number">
			<Component Name="Telephone Number" Usage="X" Datatype="ST" MinLength="1" MaxLength="199"/>
			<Component Name="Telecommunication Use Code" Usage="R" Datatype="ID" MinLength="1" MaxLength="3" Binding="HL70201_IZ" BindingStrength="R"/>
			<Component Name="Telecommunication Equipment Type" Usage="RE" Datatype="ID" MinLength="1" MaxLength="8" Binding="HL70202_IZ" BindingStrength="R"/>
			<Component Name="Email Address" Usage="C" Datatype="ST" MinLength="1" MaxLength="199"/>
			<Component Name="Country Code" Usage="O" Datatype="NM" MinLength="1" MaxLength="3"/>
			<Component Name="Area/City Code" Usage="C" Datatype="NM" MinLength="1" MaxLength="3"/>
			<Component Name="Local Number" Usage="C" Datatype="NM" MinLength="1" MaxLength="9"/>
			<Component Name="Extension" Usage="O" Datatype="NM" MinLength="1" MaxLength="5"/>
			<Component Name="Any Text" Usage="O" Datatype="ST" MinLength="1" MaxLength="199"/>
			<Component Name="Extension Prefix" Usage="O" Datatype="ST" MinLength="1" MaxLength="4"/>
			<Component Name="Speed Dial Code" Usage="O" Datatype="ST" MinLength="1" MaxLength="6"/>
			<Component Name="Unformatted Telephone number" Usage="O" Datatype="ST" MinLength="1" MaxLength="199"/>
		</Datatype>
		<Datatype ID="RI" Name="RI" Description="Repeat Interval">
			<Component Name="Repeat Pattern" Usage="O" Datatype="IS" MinLength="1" MaxLength="6" Binding="0335" BindingStrength="R"/>
			<Component Name="Explicit Time Interval" Usage="O" Datatype="ST" MinLength="1" MaxLength="199"/>
		</Datatype>
		<Datatype ID="DT" Name="DT" Description="Date"/>
		<Datatype ID="XON" Name="XON" Description="Extended Composite Name and Identification Number for Organizations">
			<Component Name="Organization Name" Usage="O" Datatype="ST" MinLength="1" MaxLength="50"/>
			<Component Name="Organization Name Type Code" Usage="O" Datatype="IS" MinLength="1" MaxLength="20" Binding="0204" BindingStrength="R"/>
			<Component Name="ID Number" Usage="B" Datatype="NM" MinLength="1" MaxLength="4"/>
			<Component Name="Check Digit" Usage="O" Datatype="NM" MinLength="1" MaxLength="1"/>
			<Component Name="Check Digit Scheme" Usage="O" Datatype="ID" MinLength="1" MaxLength="3" Binding="0061" BindingStrength="R"/>
			<Component Name="Assigning Authority" Usage="O" Datatype="HD" MinLength="1" MaxLength="227" Binding="0363" BindingStrength="R" BindingLocation="1"/>
			<Component Name="Identifier Type Code" Usage="O" Datatype="ID" MinLength="1" MaxLength="5" Binding="0203" BindingStrength="R"/>
			<Component Name="Assigning Facility" Usage="O" Datatype="HD" MinLength="1" MaxLength="227"/>
			<Component Name="Name Representation Code" Usage="O" Datatype="ID" MinLength="1" MaxLength="1" Binding="0465" BindingStrength="R"/>
			<Component Name="Organization Identifier" Usage="O" Datatype="ST" MinLength="1" MaxLength="20"/>
		</Datatype>
		<Datatype ID="DLN" Name="DLN" Description="Driver's License Number">
			<Component Name="License Number" Usage="R" Datatype="ST" MinLength="1" MaxLength="20"/>
			<Component Name="Issuing State, Province, Country" Usage="O" Datatype="IS" MinLength="1" MaxLength="20" Binding="0333" BindingStrength="R"/>
			<Component Name="Expiration Date" Usage="O" Datatype="DT" MinLength="1" MaxLength="24"/>
		</Datatype>
		<Datatype ID="TS" Name="TS" Description="Time Stamp">
			<Component Name="Time" Usage="R" Datatype="DTM" MinLength="1" MaxLength="24"/>
			<Component Name="Degree of Precision" Usage="B" Datatype="ID" MinLength="1" MaxLength="1" Binding="0529" BindingStrength="R"/>
		</Datatype>
		<Datatype ID="ST" Name="ST" Description="String Data"/>
		<Datatype ID="FN" Name="FN" Description="Family Name">
			<Component Name="Surname" Usage="R" Datatype="ST" MinLength="1" MaxLength="50"/>
			<Component Name="Own Surname Prefix" Usage="O" Datatype="ST" MinLength="1" MaxLength="20"/>
			<Component Name="Own Surname" Usage="O" Datatype="ST" MinLength="1" MaxLength="50"/>
			<Component Name="Surname Prefix From Partner/Spouse" Usage="O" Datatype="ST" MinLength="1" MaxLength="20"/>
			<Component Name="Surname From Partner/Spouse" Usage="O" Datatype="ST" MinLength="1" MaxLength="50"/>
		</Datatype>
		<Datatype ID="DR" Name="DR" Description="Date/Time Range">
			<Component Name="Range Start Date/Time" Usage="O" Datatype="TS" MinLength="1" MaxLength="26"/>
			<Component Name="Range End Date/Time" Usage="O" Datatype="TS" MinLength="1" MaxLength="26"/>
		</Datatype>
		<Datatype ID="ID" Name="ID" Description="String Data"/>
		<Datatype ID="NUL" Name="NUL" Description="#FIXME#"/>
		<Datatype ID="SAD" Name="SAD" Description="Street Address">
			<Component Name="Street or Mailing Address" Usage="O" Datatype="ST" MinLength="1" MaxLength="120"/>
			<Component Name="Street Name" Usage="O" Datatype="ST" MinLength="1" MaxLength="50"/>
			<Component Name="Dwelling Number" Usage="O" Datatype="ST" MinLength="1" MaxLength="12"/>
		</Datatype>
		<Datatype ID="SAD_IZ" Name="SAD" Description="Street Address">
			<Component Name="Street or Mailing Address" Usage="R" Datatype="ST" MinLength="1" MaxLength="120"/>
			<Component Name="Street Name" Usage="O" Datatype="ST" MinLength="1" MaxLength="50"/>
			<Component Name="Dwelling Number" Usage="O" Datatype="ST" MinLength="1" MaxLength="12"/>
		</Datatype>
		<Datatype ID="CX" Name="CX" Description="Extended Composite ID with Check Digit">
			<Component Name="ID Number" Usage="R" Datatype="ST" MinLength="1" MaxLength="15"/>
			<Component Name="Check Digit" Usage="O" Datatype="ST" MinLength="1" MaxLength="1"/>
			<Component Name="Check Digit Scheme" Usage="O" Datatype="ID" MinLength="1" MaxLength="3" Binding="0061" BindingStrength="R"/>
			<Component Name="Assigning Authority" Usage="O" Datatype="HD" MinLength="1" MaxLength="227" Binding="0363" BindingStrength="R" BindingLocation="1"/>
			<Component Name="Identifier Type Code" Usage="O" Datatype="ID" MinLength="1" MaxLength="5" Binding="0203" BindingStrength="R"/>
			<Component Name="Assigning Facility" Usage="O" Datatype="HD" MinLength="1" MaxLength="227"/>
			<Component Name="Effective Date" Usage="O" Datatype="DT" MinLength="1" MaxLength="8"/>
			<Component Name="Expiration Date" Usage="O" Datatype="DT" MinLength="1" MaxLength="8"/>
			<Component Name="Assigning Jurisdiction" Usage="O" Datatype="CWE" MinLength="1" MaxLength="705"/>
			<Component Name="Assigning Agency or Department" Usage="O" Datatype="CWE" MinLength="1" MaxLength="705"/>
		</Datatype>
		<Datatype ID="HD" Name="HD" Description="Hierarchic Designator">
			<Component Name="Namespace ID" Usage="O" Datatype="IS" MinLength="1" MaxLength="20" Binding="0300" BindingStrength="R"/>
			<Component Name="Universal ID" Usage="C" Datatype="ST" MinLength="1" MaxLength="199"/>
			<Component Name="Universal ID Type" Usage="C" Datatype="ID" MinLength="1" MaxLength="6" Binding="0301" BindingStrength="R"/>
		</Datatype>
		<Datatype ID="XTN" Name="XTN" Description="Extended Telecommunication Number">
			<Component Name="Telephone Number" Usage="X" Datatype="ST" MinLength="1" MaxLength="199"/>
			<Component Name="Telecommunication Use Code" Usage="O" Datatype="ID" MinLength="1" MaxLength="3" Binding="0201" BindingStrength="R"/>
			<Component Name="Telecommunication Equipment Type" Usage="O" Datatype="ID" MinLength="1" MaxLength="8" Binding="0202" BindingStrength="R"/>
			<Component Name="Email Address" Usage="O" Datatype="ST" MinLength="1" MaxLength="199"/>
			<Component Name="Country Code" Usage="O" Datatype="NM" MinLength="1" MaxLength="3"/>
			<Component Name="Area/City Code" Usage="O" Datatype="NM" MinLength="1" MaxLength="5"/>
			<Component Name="Local Number" Usage="O" Datatype="NM" MinLength="1" MaxLength="9"/>
			<Component Name="Extension" Usage="O" Datatype="NM" MinLength="1" MaxLength="5"/>
			<Component Name="Any Text" Usage="O" Datatype="ST" MinLength="1" MaxLength="199"/>
			<Component Name="Extension Prefix" Usage="O" Datatype="ST" MinLength="1" MaxLength="4"/>
			<Component Name="Speed Dial Code" Usage="O" Datatype="ST" MinLength="1" MaxLength="6"/>
			<Component Name="Unformatted Telephone number" Usage="C" Datatype="ST" MinLength="1" MaxLength="199"/>
		</Datatype>
		<Datatype ID="DTM" Name="DTM" Description="Date/Time"/>
		<Datatype ID="EIP" Name="EIP" Description="Entity Identifier Pair">
			<Component Name="Placer Assigned Identifier" Usage="O" Datatype="EI" MinLength="1" MaxLength="427"/>
			<Component Name="Filler Assigned Identifier" Usage="O" Datatype="EI" MinLength="1" MaxLength="427"/>
		</Datatype>
		<Datatype ID="SI" Name="SI" Description="Sequence ID"/>
		<Datatype ID="CWE" Name="CWE" Description="Coded with Exceptions">
			<Component Name="Identifier" Usage="O" Datatype="ST" MinLength="1" MaxLength="20"/>
			<Component Name="Text" Usage="O" Datatype="ST" MinLength="1" MaxLength="199"/>
			<Component Name="Name of Coding System" Usage="O" Datatype="ID" MinLength="1" MaxLength="20" Binding="0396" BindingStrength="R"/>
			<Component Name="Alternate Identifier" Usage="O" Datatype="ST" MinLength="1" MaxLength="20"/>
			<Component Name="Alternate Text" Usage="O" Datatype="ST" MinLength="1" MaxLength="199"/>
			<Component Name="Name of Alternate Coding System" Usage="O" Datatype="ID" MinLength="1" MaxLength="20" Binding="0396" BindingStrength="R"/>
			<Component Name="Coding System Version ID" Usage="C" Datatype="ST" MinLength="1" MaxLength="10"/>
			<Component Name="Alternate Coding System Version ID" Usage="O" Datatype="ST" MinLength="1" MaxLength="10"/>
			<Component Name="Original Text" Usage="O" Datatype="ST" MinLength="1" MaxLength="199"/>
		</Datatype>
		<Datatype ID="IS" Name="IS" Description="String Data"/>
		<Datatype ID="varies" Name="varies" Description="varies"/>
		<Datatype ID="PL" Name="PL" Description="Person Location">
			<Component Name="Point of Care" Usage="O" Datatype="IS" MinLength="1" MaxLength="20" Binding="0302" BindingStrength="R"/>
			<Component Name="Room" Usage="O" Datatype="IS" MinLength="1" MaxLength="20" Binding="0303" BindingStrength="R"/>
			<Component Name="Bed" Usage="O" Datatype="IS" MinLength="1" MaxLength="20" Binding="0304" BindingStrength="R"/>
			<Component Name="Facility" Usage="O" Datatype="HD" MinLength="1" MaxLength="227"/>
			<Component Name="Location Status" Usage="O" Datatype="IS" MinLength="1" MaxLength="20" Binding="0306" BindingStrength="R"/>
			<Component Name="Person Location Type" Usage="C" Datatype="IS" MinLength="1" MaxLength="20" Binding="0305" BindingStrength="R"/>
			<Component Name="Building" Usage="O" Datatype="IS" MinLength="1" MaxLength="20" Binding="0307" BindingStrength="R"/>
			<Component Name="Floor" Usage="O" Datatype="IS" MinLength="1" MaxLength="20" Binding="0308" BindingStrength="R"/>
			<Component Name="Location Description" Usage="O" Datatype="ST" MinLength="1" MaxLength="199"/>
			<Component Name="Comprehensive Location Identifier" Usage="O" Datatype="EI" MinLength="1" MaxLength="427"/>
			<Component Name="Assigning Authority for Location" Usage="O" Datatype="HD" MinLength="1" MaxLength="227"/>
		</Datatype>
		<Datatype ID="CNE" Name="CNE" Description="Coded with No Exceptions">
			<Component Name="Identifier" Usage="R" Datatype="ST" MinLength="1" MaxLength="20"/>
			<Component Name="Text" Usage="O" Datatype="ST" MinLength="1" MaxLength="199"/>
			<Component Name="Name of Coding System" Usage="O" Datatype="ID" MinLength="1" MaxLength="20" Binding="0396" BindingStrength="R"/>
			<Component Name="Alternate Identifier" Usage="O" Datatype="ST" MinLength="1" MaxLength="20"/>
			<Component Name="Alternate Text" Usage="O" Datatype="ST" MinLength="1" MaxLength="199"/>
			<Component Name="Name of Alternate Coding System" Usage="O" Datatype="ID" MinLength="1" MaxLength="20" Binding="0396" BindingStrength="R"/>
			<Component Name="Coding System Version ID" Usage="C" Datatype="ST" MinLength="1" MaxLength="10"/>
			<Component Name="Alternate Coding System Version ID" Usage="O" Datatype="ST" MinLength="1" MaxLength="10"/>
			<Component Name="Original Text" Usage="O" Datatype="ST" MinLength="1" MaxLength="199"/>
		</Datatype>
		<Datatype ID="ELD" Name="ELD" Description="Error Location and Description">
			<Component Name="Segment ID" Usage="O" Datatype="ST" MinLength="1" MaxLength="3"/>
			<Component Name="Segment Sequence" Usage="O" Datatype="NM" MinLength="1" MaxLength="2"/>
			<Component Name="Field Position" Usage="O" Datatype="NM" MinLength="1" MaxLength="2"/>
			<Component Name="Code Identifying Error" Usage="O" Datatype="CE" MinLength="1" MaxLength="483" Binding="0357" BindingStrength="R" BindingLocation="1"/>
		</Datatype>
		<Datatype ID="CE" Name="CE" Description="Coded Element">
			<Component Name="Identifier" Usage="O" Datatype="ST" MinLength="1" MaxLength="20"/>
			<Component Name="Text" Usage="O" Datatype="ST" MinLength="1" MaxLength="199"/>
			<Component Name="Name of Coding System" Usage="O" Datatype="ID" MinLength="1" MaxLength="20" Binding="0396" BindingStrength="R"/>
			<Component Name="Alternate Identifier" Usage="O" Datatype="ST" MinLength="1" MaxLength="20"/>
			<Component Name="Alternate Text" Usage="O" Datatype="ST" MinLength="1" MaxLength="199"/>
			<Component Name="Name of Alternate Coding System" Usage="O" Datatype="ID" MinLength="1" MaxLength="20" Binding="0396" BindingStrength="R"/>
		</Datatype>
		<Datatype ID="NM" Name="NM" Description="Numeric"/>
		<Datatype ID="OSD" Name="OSD" Description="Order Sequence Definition">
			<Component Name="Sequence/Results Flag" Usage="R" Datatype="ID" MinLength="1" MaxLength="1" Binding="0524" BindingStrength="R"/>
			<Component Name="Placer Order Number: Entity Identifier" Usage="R" Datatype="ST" MinLength="1" MaxLength="15"/>
			<Component Name="Placer Order Number: Namespace ID" Usage="O" Datatype="IS" MinLength="1" MaxLength="6" Binding="0363" BindingStrength="R"/>
			<Component Name="Filler Order Number: Entity Identifier" Usage="R" Datatype="ST" MinLength="1" MaxLength="15"/>
			<Component Name="Filler Order Number: Namespace ID" Usage="O" Datatype="IS" MinLength="1" MaxLength="6" Binding="0363" BindingStrength="R"/>
			<Component Name="Sequence Condition Value" Usage="O" Datatype="ST" MinLength="1" MaxLength="12"/>
			<Component Name="Maximum Number of Repeats" Usage="O" Datatype="NM" MinLength="1" MaxLength="3"/>
			<Component Name="Placer Order Number: Universal ID" Usage="R" Datatype="ST" MinLength="1" MaxLength="15"/>
			<Component Name="Placer Order Number: Universal ID Type" Usage="O" Datatype="ID" MinLength="1" MaxLength="6" Binding="0301" BindingStrength="R"/>
			<Component Name="Filler Order Number: Universal ID" Usage="R" Datatype="ST" MinLength="1" MaxLength="15"/>
			<Component Name="Filler Order Number: Universal ID Type" Usage="O" Datatype="ID" MinLength="1" MaxLength="6" Binding="0301" BindingStrength="R"/>
		</Datatype>
		<Datatype ID="TX" Name="TX" Description="Text Data"/>
		<Datatype ID="EI" Name="EI" Description="Entity Identifier">
			<Component Name="Entity Identifier" Usage="O" Datatype="ST" MinLength="1" MaxLength="199"/>
			<Component Name="Namespace ID" Usage="O" Datatype="IS" MinLength="1" MaxLength="20" Binding="0363" BindingStrength="R"/>
			<Component Name="Universal ID" Usage="C" Datatype="ST" MinLength="1" MaxLength="199"/>
			<Component Name="Universal ID Type" Usage="C" Datatype="ID" MinLength="1" MaxLength="6" Binding="0301" BindingStrength="R"/>
		</Datatype>
	</Datatypes>
</ConformanceProfile>
