<?xml version="1.0" encoding="UTF-8"?>

<!-- edited with XMLSpy v2015 rel. 3 (x64) (http://www.altova.com) by ww (NIST) -->
<ConformanceProfile xmlns:xsi="http://www.w3.org/2001/XMLSchema-instance" ID="T42" xsi:noNamespaceSchemaLocation="../Profile.xsd">  
  <MetaData Name="RSP_K11" OrgName="NIST"/>  
  <Encodings> 
    <Encoding>ER7</Encoding>  
    <Encoding>XML</Encoding> 
  </Encodings>  
  <Messages> 
    <Message Description="Segment pattern response" Event="K11" ID="T42-Message" StructID="RSP_K11" Type="RSP"> 
      <Segment Max="1" Min="1" Ref="MSH_IZ 1_5_Z42" Usage="R"/>  
      <Segment Max="*" Min="0" Ref="SFT_IZ_V_5_RSP_Z32_146" Usage="X"/>  
      <Segment Max="1" Min="1" Ref="MSA_IZ1_5" Usage="R"/>  
      <Segment Max="1" Min="0" Ref="ERR_IZ_1_5" Usage="RE"/>  
      <Segment Max="1" Min="1" Ref="QAK_IZ1_5" Usage="R"/>  
      <Segment Max="1" Min="1" Ref="QPD_IZ1_5" Usage="R"/>  
      <Segment Max="1" Min="1" Ref="PID_IZ_1_5_Z42" Usage="R"/>  
      <Group ID="RSP_K11.IZ_HISTORY_FORECAST" Max="*" Min="1" Name="RSP_K11.IZ_HISTORY_FORECAST" Usage="R"> 
        <Segment Max="1" Min="0" Ref="ORC" Usage="O"/>  
        <Segment Max="1" Min="1" Ref="RXA_IZ 1_5" Usage="R"/>  
        <Segment Max="1" Min="0" Ref="RXR_IZ 1_5" Usage="RE"/>  
        <Group ID="RSP_K11.IZ_HISTORY_FORECAST.OBSERVATION" Max="*" Min="1" Name="RSP_K11.IZ_HISTORY_FORECAST.OBSERVATION" Usage="R"> 
          <Segment Max="1" Min="1" Ref="OBX_IZ 1_5" Usage="R"/> 
        </Group> 
      </Group> 
    </Message> 
  </Messages>  
  <Segments> 
    <Segment Description="Message Header" ID="MSH_IZ 1_5_Z42" Name="MSH"> 
      <Field Datatype="ST" ItemNo="00001" Max="1" MaxLength="1" Min="1" MinLength="1" Name="Field Separator" Usage="R"/>  
      <Field Datatype="ST" ItemNo="00002" Max="1" MaxLength="4" Min="1" MinLength="4" Name="Encoding Characters" Usage="R"/>  
      <Field Datatype="HD_IZ" ItemNo="00003" Max="1" MaxLength="227" Min="0" MinLength="1" Name="Sending Application" Usage="RE"/>  
      <Field Datatype="HD_IZ" ItemNo="00004" Max="1" MaxLength="227" Min="0" MinLength="1" Name="Sending Facility" Usage="RE"/>  
      <Field Datatype="HD_IZ" ItemNo="00005" Max="1" MaxLength="227" Min="0" MinLength="1" Name="Receiving Application" Usage="RE"/>  
      <Field Datatype="HD_IZ" ItemNo="00006" Max="1" MaxLength="227" Min="0" MinLength="1" Name="Receiving Facility" Usage="RE"/>  
      <Field Datatype="TS_Z" ItemNo="00007" Max="1" MaxLength="26" Min="1" MinLength="1" Name="Date/Time Of Message" Usage="R"/>  
      <Field Datatype="ST" ItemNo="00008" Max="1" MaxLength="40" Min="0" MinLength="1" Name="Security" Usage="O"/>  
      <Field Datatype="MSG_IZ_RSP" ItemNo="00009" Max="1" MaxLength="15" Min="1" MinLength="1" Name="Message Type" Usage="R"/>  
      <Field Datatype="ST" ItemNo="00010" Max="1" MaxLength="199" Min="1" MinLength="1" Name="Message Control ID" Usage="R"/>  
      <Field Datatype="PT_IZ" ItemNo="00011" Max="1" MaxLength="3" Min="1" MinLength="1" Name="Processing ID" Usage="R"/>  
      <Field Datatype="VID_IZ" ItemNo="00012" Max="1" MaxLength="60" Min="1" MinLength="1" Name="Version ID" Usage="R"/>  
      <Field Datatype="NM" ItemNo="00013" Max="1" MaxLength="15" Min="0" MinLength="1" Name="Sequence Number" Usage="O"/>  
      <Field Datatype="ST" ItemNo="00014" Max="1" MaxLength="180" Min="0" MinLength="1" Name="Continuation Pointer" Usage="O"/>  
      <Field Datatype="ID" ItemNo="00015" Max="1" MaxLength="2" Min="1" MinLength="1" Name="Accept Acknowledgment Type" Usage="R"/>  
      <Field Datatype="ID" ItemNo="00016" Max="1" MaxLength="2" Min="1" MinLength="1" Name="Application Acknowledgment Type" Usage="R"/>  
      <Field Datatype="ID" ItemNo="00017" Max="0" MaxLength="3" Min="0" MinLength="1" Name="Country Code" Usage="O"/>  
      <Field Datatype="ID" ItemNo="00692" Max="0" MaxLength="16" Min="0" MinLength="1" Name="Character Set" Usage="O"/>  
      <Field Datatype="CE" ItemNo="00693" Max="0" MaxLength="250" Min="0" MinLength="1" Name="Principal Language Of Message" Usage="O"/>  
      <Field Datatype="ID" ItemNo="01317" Max="0" MaxLength="20" Min="0" MinLength="1" Name="Alternate Character Set Handling Scheme" Usage="O"/>  
      <Field Datatype="EI_IZ_RSP_Z42" ItemNo="01598" Max="1" MaxLength="427" Min="1" MinLength="1" Name="Message Profile Identifier" Usage="R"/>  
      <Field Binding="HL70203_US_IZ.4" BindingLocation="7" BindingStrength="R" Datatype="XON_IZ" Max="1" MaxLength="*" Min="0" MinLength="1" Name="Sending Responsible Organization" Usage="RE"/>  
      <Field Binding="HL70203_US_IZ.5" BindingLocation="7" BindingStrength="R" Datatype="XON_IZ" Max="1" MaxLength="*" Min="0" MinLength="1" Name="Receiving Responsible Organization" Usage="RE"/> 
    </Segment>  
    <Segment Description="Software Segment" ID="SFT_IZ_V_5_RSP_Z32_146" Name="SFT"> 
      <Field Datatype="XON" ItemNo="01834" Max="1" MaxLength="567" Min="1" MinLength="1" Name="Software Vendor Organization" Usage="R"/>  
      <Field Datatype="ST" ItemNo="01835" Max="1" MaxLength="15" Min="1" MinLength="1" Name="Software Certified Version or Release Number" Usage="R"/>  
      <Field Datatype="ST" ItemNo="01836" Max="1" MaxLength="20" Min="1" MinLength="1" Name="Software Product Name" Usage="R"/>  
      <Field Datatype="ST" ItemNo="01837" Max="1" MaxLength="20" Min="1" MinLength="1" Name="Software Binary ID" Usage="R"/>  
      <Field Datatype="TX" ItemNo="01838" Max="1" MaxLength="1024" Min="0" MinLength="1" Name="Software Product Information" Usage="O"/>  
      <Field Datatype="TS" ItemNo="01839" Max="1" MaxLength="26" Min="0" MinLength="1" Name="Software Install Date" Usage="O"/> 
    </Segment>  
    <Segment Description="Message Acknowledgment" ID="MSA_IZ1_5" Name="MSA"> 
      <Field Datatype="ID" ItemNo="00018" Max="1" MaxLength="2" Min="1" MinLength="1" Name="Acknowledgment Code" Usage="R"/>  
      <Field Datatype="ST" ItemNo="00010" Max="1" MaxLength="20" Min="1" MinLength="1" Name="Message Control ID" Usage="R"/>  
      <Field Datatype="ST" ItemNo="00020" Max="0" MaxLength="80" Min="0" MinLength="1" Name="Text Message" Usage="X"/>  
      <Field Datatype="NM" ItemNo="00021" Max="1" MaxLength="15" Min="0" MinLength="1" Name="Expected Sequence Number" Usage="O"/>  
      <Field Datatype="NUL" ItemNo="00022" Max="0" MaxLength="1" Min="0" MinLength="1" Name="Delayed Acknowledgment Type" Usage="X"/>  
      <Field Datatype="CE" ItemNo="00023" Max="0" MaxLength="250" Min="0" MinLength="1" Name="Error Condition" Usage="X"/> 
    </Segment>  
    <Segment Description="Error" ID="ERR_IZ_1_5" Name="ERR"> 
      <Field Datatype="ELD" ItemNo="00024" Max="0" MaxLength="493" Min="0" MinLength="1" Name="Error Code and Location" Usage="X"/>  
      <Field Datatype="ERL_IZ" ItemNo="01812" Max="1" MaxLength="18" Min="0" MinLength="1" Name="Error Location" Usage="RE"/>  
      <Field Datatype="CWE_IZ" ItemNo="01813" Max="1" MaxLength="705" Min="1" MinLength="1" Name="HL7 Error Code" Usage="R"/>  
      <Field Datatype="ID" ItemNo="01814" Max="1" MaxLength="2" Min="1" MinLength="1" Name="Severity" Usage="R"/>  
      <Field Datatype="CWE_IZ" ItemNo="01815" Max="1" MaxLength="705" Min="0" MinLength="1" Name="Application Error Code" Usage="RE"/>  
      <Field Datatype="ST" ItemNo="01816" Max="10" MaxLength="80" Min="0" MinLength="1" Name="Application Error Parameter" Usage="O"/>  
      <Field Datatype="TX" ItemNo="01817" Max="1" MaxLength="2048" Min="0" MinLength="1" Name="Diagnostic Information" Usage="O"/>  
      <Field Datatype="TX" ItemNo="01818" Max="1" MaxLength="250" Min="0" MinLength="1" Name="User Message" Usage="RE"/>  
      <Field Datatype="IS" ItemNo="01819" Max="*" MaxLength="20" Min="0" MinLength="1" Name="Inform Person Indicator" Usage="O"/>  
      <Field Datatype="CWE" ItemNo="01820" Max="1" MaxLength="705" Min="0" MinLength="1" Name="Override Type" Usage="O"/>  
      <Field Datatype="CWE" ItemNo="01821" Max="*" MaxLength="705" Min="0" MinLength="1" Name="Override Reason Code" Usage="O"/>  
      <Field Datatype="XTN" ItemNo="01822" Max="*" MaxLength="652" Min="0" MinLength="1" Name="Help Desk Contact Point" Usage="O"/> 
    </Segment>  
    <Segment Description="Query Acknowledgment" ID="QAK_IZ1_5" Name="QAK"> 
      <Field Datatype="ST" ItemNo="00696" Max="1" MaxLength="32" Min="1" MinLength="1" Name="Query Tag" Usage="R"/>  
      <Field Datatype="ID" ItemNo="00708" Max="1" MaxLength="2" Min="1" MinLength="1" Name="Query Response Status" Usage="RE"/>  
      <Field Datatype="CE_IZ" ItemNo="01375" Max="1" MaxLength="250" Min="1" MinLength="1" Name="Message Query Name" Usage="R"/>  
      <Field Datatype="NM" ItemNo="01434" Max="1" MaxLength="10" Min="0" MinLength="1" Name="Hit Count" Usage="O"/>  
      <Field Datatype="NM" ItemNo="01622" Max="1" MaxLength="10" Min="0" MinLength="1" Name="This payload" Usage="O"/>  
      <Field Datatype="NM" ItemNo="01623" Max="1" MaxLength="10" Min="0" MinLength="1" Name="Hits remaining" Usage="O"/> 
    </Segment>  
    <Segment Description="Query Parameter Definition" ID="QPD_IZ1_5" Name="QPD"> 
      <Field Datatype="CE_IZ" ItemNo="01375" Max="1" MaxLength="250" Min="1" MinLength="1" Name="Message Query Name" Usage="R"/>  
      <Field Datatype="ST" ItemNo="00696" Max="1" MaxLength="32" Min="1" MinLength="1" Name="Query Tag" Usage="R"/>  
      <Field Datatype="CX_IZ" Max="*" MaxLength="*" Min="0" MinLength="1" Name="PatientList" Usage="RE"/>  
      <Field Datatype="XPN_IZ" Max="1" MaxLength="*" Min="0" MinLength="1" Name="PatientName" Usage="RE"/>  
      <Field Datatype="XPN_M" Max="1" MaxLength="*" Min="0" MinLength="1" Name="PatientMotherMaidenName" Usage="RE"/>  
      <Field Datatype="TS_NZ" Max="1" MaxLength="6" Min="0" MinLength="1" Name="PatientDateOfBirth" Usage="RE"/>  
      <Field Datatype="IS" Max="1" MaxLength="1" Min="0" MinLength="1" Name="Patient Sex" Usage="RE"/>  
      <Field Datatype="XAD_IZ" Max="1" MaxLength="*" Min="0" MinLength="1" Name="Patient Address" Usage="RE"/>  
      <Field Datatype="XTN_IZ" Max="1" MaxLength="*" Min="0" MinLength="1" Name="Phone" Usage="RE"/>  
      <Field Datatype="ID" Max="1" MaxLength="*" Min="0" MinLength="1" Name="Multiple birth indicator" Usage="RE"/>  
      <Field Datatype="NM" Max="1" MaxLength="*" Min="0" MinLength="1" Name="Birth order" Usage="RE"/>  
      <Field Datatype="TS_NZ" Max="1" MaxLength="*" Min="0" MinLength="1" Name="Client last updated date" Usage="O"/>  
      <Field Datatype="HD_IZ" Max="1" MaxLength="*" Min="0" MinLength="1" Name="Client last updated facility" Usage="O"/> 
    </Segment>  
    <Segment Description="Patient Identification" ID="PID_IZ_1_5_Z42" Name="PID"> 
      <Field Datatype="SI" ItemNo="00104" Max="1" MaxLength="4" Min="1" MinLength="1" Name="Set ID - PID" Usage="R"/>  
      <Field Datatype="CX" ItemNo="00105" Max="0" MaxLength="20" Min="0" MinLength="1" Name="Patient ID" Usage="X"/>  
      <Field Datatype="CX_IZ" ItemNo="00106" Max="*" MaxLength="250" Min="1" MinLength="1" Name="Patient Identifier List" Usage="R"/>  
      <Field Datatype="CX" ItemNo="00107" Max="0" MaxLength="20" Min="0" MinLength="1" Name="Alternate Patient ID - PID" Usage="X"/>  
      <Field Datatype="XPN_IZ" ItemNo="00108" Max="*" MaxLength="250" Min="1" MinLength="1" Name="Patient Name" Usage="R"/>  
      <Field Datatype="XPN_M" ItemNo="00109" Max="1" MaxLength="250" Min="0" MinLength="1" Name="Mother's Maiden Name" Usage="O"/>  
      <Field Datatype="TS_NZ" ItemNo="00110" Max="1" MaxLength="26" Min="1" MinLength="1" Name="Date/Time of Birth" Usage="R"/>  
      <Field Binding="HL70001_US_IZ.2" BindingStrength="R" Datatype="IS" ItemNo="00111" Max="1" MaxLength="1" Min="0" MinLength="1" Name="Administrative Sex" Usage="RE"/>  
      <Field Datatype="XPN_DR" ItemNo="00112" Max="0" MaxLength="250" Min="0" MinLength="1" Name="Patient Alias" Usage="X"/>  
      <Field Datatype="CE" ItemNo="00113" Max="*" MaxLength="250" Min="0" MinLength="1" Name="Race" Usage="O"/>  
      <Field Datatype="XAD_IZ" ItemNo="00114" Max="*" MaxLength="250" Min="0" MinLength="1" Name="Patient Address" Usage="RE"/>  
      <Field Datatype="IS" ItemNo="00115" Max="0" MaxLength="4" Min="0" MinLength="1" Name="County Code" Usage="X"/>  
      <Field Datatype="XTN" ItemNo="00116" Max="*" MaxLength="250" Min="0" MinLength="1" Name="Phone Number - Home" Usage="O"/>  
      <Field Datatype="XTN" ItemNo="00117" Max="*" MaxLength="250" Min="0" MinLength="1" Name="Phone Number - Business" Usage="O"/>  
      <Field Datatype="CE" ItemNo="00118" Max="1" MaxLength="250" Min="0" MinLength="1" Name="Primary Language" Usage="O"/>  
      <Field Datatype="CE" ItemNo="00119" Max="1" MaxLength="250" Min="0" MinLength="1" Name="Marital Status" Usage="O"/>  
      <Field Datatype="CE" ItemNo="00120" Max="1" MaxLength="250" Min="0" MinLength="1" Name="Religion" Usage="O"/>  
      <Field Datatype="CX" ItemNo="00121" Max="1" MaxLength="250" Min="0" MinLength="1" Name="Patient Account Number" Usage="O"/>  
      <Field Datatype="ST" ItemNo="00122" Max="0" MaxLength="16" Min="0" MinLength="1" Name="SSN Number - Patient" Usage="X"/>  
      <Field Datatype="DLN" ItemNo="00123" Max="0" MaxLength="25" Min="0" MinLength="1" Name="Driver's License Number - Patient" Usage="X"/>  
      <Field Datatype="CX" ItemNo="00124" Max="0" MaxLength="250" Min="0" MinLength="1" Name="Mother's Identifier" Usage="X"/>  
      <Field Datatype="CE" ItemNo="00125" Max="1" MaxLength="250" Min="0" MinLength="1" Name="Ethnic Group" Usage="O"/>  
      <Field Datatype="ST" ItemNo="00126" Max="1" MaxLength="250" Min="0" MinLength="1" Name="Birth Place" Usage="O"/>  
      <Field Datatype="ID" ItemNo="00127" Max="1" MaxLength="1" Min="0" MinLength="1" Name="Multiple Birth Indicator" Usage="O"/>  
      <Field Datatype="NM" ItemNo="00128" Max="1" MaxLength="2" Min="0" MinLength="1" Name="Birth Order" Usage="O"/>  
      <Field Datatype="CE" ItemNo="00129" Max="*" MaxLength="250" Min="0" MinLength="1" Name="Citizenship" Usage="O"/>  
      <Field Datatype="CE_IZ" ItemNo="00130" Max="1" MaxLength="250" Min="0" MinLength="1" Name="Veterans Military Status" Usage="O"/>  
      <Field Datatype="CE" ItemNo="00739" Max="1" MaxLength="250" Min="0" MinLength="1" Name="Nationality" Usage="O"/>  
      <Field Datatype="TS" ItemNo="00740" Max="1" MaxLength="26" Min="0" MinLength="1" Name="Patient Death Date and Time" Usage="O"/>  
      <Field Datatype="ID" ItemNo="00741" Max="1" MaxLength="1" Min="0" MinLength="1" Name="Patient Death Indicator" Usage="RE"/>  
      <Field Datatype="ID" ItemNo="01535" Max="1" MaxLength="1" Min="0" MinLength="1" Name="Identity Unknown Indicator" Usage="O"/>  
      <Field Datatype="IS" ItemNo="01536" Max="*" MaxLength="20" Min="0" MinLength="1" Name="Identity Reliability Code" Usage="O"/>  
      <Field Datatype="TS" ItemNo="01537" Max="1" MaxLength="26" Min="0" MinLength="1" Name="Last Update Date/Time" Usage="O"/>  
      <Field Datatype="HD" ItemNo="01538" Max="1" MaxLength="241" Min="0" MinLength="1" Name="Last Update Facility" Usage="O"/>  
      <Field Datatype="CE" ItemNo="01539" Max="1" MaxLength="250" Min="0" MinLength="1" Name="Species Code" Usage="O"/>  
      <Field Datatype="CE" ItemNo="01540" Max="1" MaxLength="250" Min="0" MinLength="1" Name="Breed Code" Usage="O"/>  
      <Field Datatype="ST" ItemNo="01541" Max="1" MaxLength="80" Min="0" MinLength="1" Name="Strain" Usage="O"/>  
      <Field Datatype="CE" ItemNo="01542" Max="1" MaxLength="250" Min="0" MinLength="1" Name="Production Class Code" Usage="O"/>  
      <Field Datatype="CWE" ItemNo="01840" Max="*" MaxLength="250" Min="0" MinLength="1" Name="Tribal Citizenship" Usage="O"/> 
    </Segment>  
    <Segment Description="Common Order" ID="ORC" Name="ORC"> 
      <Field Datatype="ID" ItemNo="00215" Max="1" MaxLength="2" Min="1" MinLength="1" Name="Order Control" Usage="R"/>  
      <Field Datatype="EI" ItemNo="00216" Max="1" MaxLength="22" Min="0" MinLength="1" Name="Placer Order Number" Usage="C"/>  
      <Field Datatype="EI" ItemNo="00217" Max="1" MaxLength="22" Min="0" MinLength="1" Name="Filler Order Number" Usage="C"/>  
      <Field Datatype="EI" ItemNo="00218" Max="1" MaxLength="22" Min="0" MinLength="1" Name="Placer Group Number" Usage="O"/>  
      <Field Datatype="ID" ItemNo="00219" Max="1" MaxLength="2" Min="0" MinLength="1" Name="Order Status" Usage="O"/>  
      <Field Datatype="ID" ItemNo="00220" Max="1" MaxLength="1" Min="0" MinLength="1" Name="Response Flag" Usage="O"/>  
      <Field Datatype="TQ" ItemNo="00221" Max="*" MaxLength="200" Min="0" MinLength="1" Name="Quantity/Timing" Usage="X"/>  
      <Field Datatype="EIP" ItemNo="00222" Max="1" MaxLength="200" Min="0" MinLength="1" Name="Parent" Usage="O"/>  
      <Field Datatype="TS" ItemNo="00223" Max="1" MaxLength="26" Min="0" MinLength="1" Name="Date/Time of Transaction" Usage="O"/>  
      <Field Datatype="XCN_IZ" ItemNo="00224" Max="*" MaxLength="250" Min="0" MinLength="1" Name="Entered By" Usage="O"/>  
      <Field Datatype="XCN_IZ" ItemNo="00225" Max="*" MaxLength="250" Min="0" MinLength="1" Name="Verified By" Usage="O"/>  
      <Field Datatype="XCN_IZ" ItemNo="00226" Max="*" MaxLength="250" Min="0" MinLength="1" Name="Ordering Provider" Usage="O"/>  
      <Field Datatype="PL" ItemNo="00227" Max="1" MaxLength="80" Min="0" MinLength="1" Name="Enterer's Location" Usage="O"/>  
      <Field Datatype="XTN" ItemNo="00228" Max="2" MaxLength="250" Min="0" MinLength="1" Name="Call Back Phone Number" Usage="O"/>  
      <Field Datatype="TS" ItemNo="00229" Max="1" MaxLength="26" Min="0" MinLength="1" Name="Order Effective Date/Time" Usage="O"/>  
      <Field Datatype="CE" ItemNo="00230" Max="1" MaxLength="250" Min="0" MinLength="1" Name="Order Control Code Reason" Usage="O"/>  
      <Field Datatype="CE" ItemNo="00231" Max="1" MaxLength="250" Min="0" MinLength="1" Name="Entering Organization" Usage="O"/>  
      <Field Datatype="CE" ItemNo="00232" Max="1" MaxLength="250" Min="0" MinLength="1" Name="Entering Device" Usage="O"/>  
      <Field Datatype="XCN_IZ" ItemNo="00233" Max="*" MaxLength="250" Min="0" MinLength="1" Name="Action By" Usage="O"/>  
      <Field Datatype="CE" ItemNo="01310" Max="1" MaxLength="250" Min="0" MinLength="1" Name="Advanced Beneficiary Notice Code" Usage="O"/>  
      <Field Datatype="XON" ItemNo="01311" Max="*" MaxLength="250" Min="0" MinLength="1" Name="Ordering Facility Name" Usage="O"/>  
      <Field Datatype="XAD_IZ" ItemNo="01312" Max="*" MaxLength="250" Min="0" MinLength="1" Name="Ordering Facility Address" Usage="O"/>  
      <Field Datatype="XTN" ItemNo="01313" Max="*" MaxLength="250" Min="0" MinLength="1" Name="Ordering Facility Phone Number" Usage="O"/>  
      <Field Datatype="XAD_IZ" ItemNo="01314" Max="*" MaxLength="250" Min="0" MinLength="1" Name="Ordering Provider Address" Usage="O"/>  
      <Field Datatype="CWE" ItemNo="01473" Max="1" MaxLength="250" Min="0" MinLength="1" Name="Order Status Modifier" Usage="O"/>  
      <Field Datatype="CWE" ItemNo="01641" Max="1" MaxLength="60" Min="0" MinLength="1" Name="Advanced Beneficiary Notice Override Reason" Usage="O"/>  
      <Field Datatype="TS" ItemNo="01642" Max="1" MaxLength="26" Min="0" MinLength="1" Name="Filler's Expected Availability Date/Time" Usage="O"/>  
      <Field Datatype="CWE" ItemNo="00615" Max="1" MaxLength="250" Min="0" MinLength="1" Name="Confidentiality Code" Usage="O"/>  
      <Field Datatype="CWE" ItemNo="01643" Max="1" MaxLength="250" Min="0" MinLength="1" Name="Order Type" Usage="O"/>  
      <Field Datatype="CNE" ItemNo="01644" Max="1" MaxLength="250" Min="0" MinLength="1" Name="Enterer Authorization Mode" Usage="O"/>  
      <Field Datatype="CWE" ItemNo="02286" Max="1" MaxLength="250" Min="0" MinLength="1" Name="Parent Universal Service Identifier" Usage="O"/> 
    </Segment>  
    <Segment Description="Pharmacy/Treatment Administration" ID="RXA_IZ 1_5" Name="RXA"> 
      <Field Datatype="NM" ItemNo="00342" Max="1" MaxLength="1" Min="1" MinLength="1" Name="Give Sub-ID Counter" Usage="R"/>  
      <Field Datatype="NM" ItemNo="00344" Max="1" MaxLength="1" Min="1" MinLength="1" Name="Administration Sub-ID Counter" Usage="R"/>  
      <Field Datatype="TS_NZ" ItemNo="00345" Max="1" MaxLength="26" Min="1" MinLength="1" Name="Date/Time Start of Administration" Usage="R"/>  
      <Field Datatype="TS" ItemNo="00346" Max="1" MaxLength="26" Min="0" MinLength="1" Name="Date/Time End of Administration" Usage="O"/>  
      <Field Binding="CVX_US_IZ.3" BindingLocation="1" BindingStrength="R" Datatype="CE_IZ" ItemNo="00347" Max="1" MaxLength="250" Min="1" MinLength="1" Name="Administered Code" Usage="R"/>  
      <Field Datatype="NM" ItemNo="00348" Max="1" MaxLength="20" Min="1" MinLength="1" Name="Administered Amount" Usage="R"/>  
      <Field Datatype="CE_IZ" ItemNo="00349" Max="1" MaxLength="250" Min="0" MinLength="1" Name="Administered Units" Usage="C"/>  
      <Field Datatype="CE" ItemNo="00350" Max="1" MaxLength="250" Min="0" MinLength="1" Name="Administered Dosage Form" Usage="O"/>  
      <Field Datatype="CE_IZ" ItemNo="00351" Max="*" MaxLength="250" Min="0" MinLength="1" Name="Administration Notes" Usage="C"/>  
      <Field Datatype="XCN_IZ" ItemNo="00352" Max="1" MaxLength="250" Min="0" MinLength="1" Name="Administering Provider" Usage="C"/>  
      <Field Datatype="LA2_IZ" ItemNo="00353" Max="1" MaxLength="200" Min="0" MinLength="1" Name="Administered-at Location" Usage="C"/>  
      <Field Datatype="ST" ItemNo="00354" Max="1" MaxLength="20" Min="0" MinLength="1" Name="Administered Per (Time Unit)" Usage="O"/>  
      <Field Datatype="NM" ItemNo="01134" Max="1" MaxLength="20" Min="0" MinLength="1" Name="Administered Strength" Usage="O"/>  
      <Field Datatype="CE" ItemNo="01135" Max="1" MaxLength="250" Min="0" MinLength="1" Name="Administered Strength Units" Usage="O"/>  
      <Field Datatype="ST" ItemNo="01129" Max="*" MaxLength="20" Min="0" MinLength="1" Name="Substance Lot Number" Usage="O"/>  
      <Field Datatype="TS_M" ItemNo="01130" Max="1" MaxLength="26" Min="0" MinLength="1" Name="Substance Expiration Date" Usage="O"/>  
      <Field Datatype="CE_IZ" ItemNo="01131" Max="1" MaxLength="250" Min="0" MinLength="1" Name="Substance Manufacturer Name" Usage="O"/>  
      <Field Datatype="CE_IZ" ItemNo="01136" Max="*" MaxLength="250" Min="0" MinLength="1" Name="Substance/Treatment Refusal Reason" Usage="C"/>  
      <Field Datatype="CE" ItemNo="01123" Max="*" MaxLength="250" Min="0" MinLength="1" Name="Indication" Usage="O"/>  
      <Field Datatype="ID" ItemNo="01223" Max="1" MaxLength="2" Min="0" MinLength="1" Name="Completion Status" Usage="RE"/>  
      <Field Datatype="ID" ItemNo="01224" Max="1" MaxLength="2" Min="0" MinLength="1" Name="Action Code - RXA" Usage="O"/>  
      <Field Datatype="TS" ItemNo="01225" Max="1" MaxLength="26" Min="0" MinLength="1" Name="System Entry Date/Time" Usage="O"/>  
      <Field Datatype="NM" ItemNo="01696" Max="1" MaxLength="5" Min="0" MinLength="1" Name="Administered Drug Strength Volume" Usage="O"/>  
      <Field Datatype="CWE" ItemNo="01697" Max="1" MaxLength="250" Min="0" MinLength="1" Name="Administered Drug Strength Volume Units" Usage="O"/>  
      <Field Datatype="CWE" ItemNo="01698" Max="1" MaxLength="60" Min="0" MinLength="1" Name="Administered Barcode Identifier" Usage="O"/>  
      <Field Datatype="ID" ItemNo="01699" Max="1" MaxLength="1" Min="0" MinLength="1" Name="Pharmacy Order Type" Usage="O"/> 
    </Segment>  
    <Segment Description="Pharmacy/Treatment Route" ID="RXR_IZ 1_5" Name="RXR"> 
      <Field Datatype="CE_IZ" ItemNo="00309" Max="1" MaxLength="250" Min="1" MinLength="1" Name="Route" Usage="R"/>  
      <Field Datatype="CWE_IZ" ItemNo="00310" Max="1" MaxLength="250" Min="0" MinLength="1" Name="Administration Site" Usage="RE"/>  
      <Field Datatype="CE" ItemNo="00311" Max="1" MaxLength="250" Min="0" MinLength="1" Name="Administration Device" Usage="O"/>  
      <Field Datatype="CWE" ItemNo="00312" Max="1" MaxLength="250" Min="0" MinLength="1" Name="Administration Method" Usage="O"/>  
      <Field Datatype="CE" ItemNo="01315" Max="1" MaxLength="250" Min="0" MinLength="1" Name="Routing Instruction" Usage="O"/>  
      <Field Datatype="CWE" ItemNo="01670" Max="1" MaxLength="250" Min="0" MinLength="1" Name="Administration Site Modifier" Usage="O"/> 
    </Segment>  
    <Segment Description="Observation/Result" ID="OBX_IZ 1_5" Name="OBX"> 
      <DynamicMapping> 
        <Mapping Position="5" Reference="2"> 
          <Case Datatype="NM" Value="NM"/>  
          <Case Datatype="CE_IZ" Value="CE"/>  
          <Case Datatype="DTM" Value="DTM"/> 
        </Mapping> 
      </DynamicMapping>  
      <Field Datatype="SI" ItemNo="00569" Max="1" MaxLength="4" Min="1" MinLength="1" Name="Set ID - OBX" Usage="R"/>  
      <Field Datatype="ID" ItemNo="00570" Max="1" MaxLength="3" Min="1" MinLength="2" Name="Value Type" Usage="R"/>  
      <Field Datatype="CE_IZ" ItemNo="00571" Max="1" MaxLength="250" Min="1" MinLength="1" Name="Observation Identifier" Usage="R"/>  
      <Field Datatype="ST" ItemNo="00572" Max="1" MaxLength="20" Min="1" MinLength="1" Name="Observation Sub-ID" Usage="R"/>  
      <Field Datatype="varies" ItemNo="00573" Max="1" MaxLength="99999" Min="1" MinLength="1" Name="Observation Value" Usage="R"/>  
      <Field Datatype="CE_IZ" ItemNo="00574" Max="1" MaxLength="250" Min="0" MinLength="1" Name="Units" Usage="C"/>  
      <Field Datatype="ST" ItemNo="00575" Max="1" MaxLength="60" Min="0" MinLength="1" Name="References Range" Usage="O"/>  
      <Field Datatype="IS" ItemNo="00576" Max="*" MaxLength="5" Min="0" MinLength="1" Name="Abnormal Flags" Usage="O"/>  
      <Field Datatype="NM" ItemNo="00577" Max="1" MaxLength="5" Min="0" MinLength="1" Name="Probability" Usage="O"/>  
      <Field Datatype="ID" ItemNo="00578" Max="*" MaxLength="2" Min="0" MinLength="1" Name="Nature of Abnormal Test" Usage="O"/>  
      <Field Datatype="ID" ItemNo="00579" Max="1" MaxLength="1" Min="1" MinLength="1" Name="Observation Result Status" Usage="R"/>  
      <Field Datatype="TS" ItemNo="00580" Max="1" MaxLength="26" Min="0" MinLength="1" Name="Effective Date of Reference Range Values" Usage="O"/>  
      <Field Datatype="ST" ItemNo="00581" Max="1" MaxLength="20" Min="0" MinLength="1" Name="User Defined Access Checks" Usage="O"/>  
      <Field Datatype="TS_NZ" ItemNo="00582" Max="1" MaxLength="26" Min="0" MinLength="1" Name="Date/Time of the Observation" Usage="RE"/>  
      <Field Datatype="CE" ItemNo="00583" Max="1" MaxLength="250" Min="0" MinLength="1" Name="Producer's Reference" Usage="O"/>  
      <Field Datatype="XCN_IZ" ItemNo="00584" Max="*" MaxLength="250" Min="0" MinLength="1" Name="Responsible Observer" Usage="O"/>  
      <Field Datatype="CE_IZ" ItemNo="00936" Max="1" MaxLength="250" Min="0" MinLength="1" Name="Observation Method" Usage="O"/>  
      <Field Datatype="EI" ItemNo="01479" Max="*" MaxLength="22" Min="0" MinLength="1" Name="Equipment Instance Identifier" Usage="O"/>  
      <Field Datatype="TS" ItemNo="01480" Max="1" MaxLength="26" Min="0" MinLength="1" Name="Date/Time of the Analysis" Usage="O"/>  
      <Field Datatype="varies" ItemNo="09999" Max="0" MaxLength="0" Min="0" MinLength="0" Name="Reserved for harmonization with V2.6" Usage="X"/>  
      <Field Datatype="varies" ItemNo="09999" Max="0" MaxLength="0" Min="0" MinLength="0" Name="Reserved for harmonization with V2.6" Usage="X"/>  
      <Field Datatype="varies" ItemNo="09999" Max="0" MaxLength="0" Min="0" MinLength="0" Name="Reserved for harmonization with V2.6" Usage="X"/>  
      <Field Datatype="XON_IZ" ItemNo="02283" Max="1" MaxLength="567" Min="0" MinLength="1" Name="Performing Organization Name" Usage="O"/>  
      <Field Datatype="XAD_IZ" ItemNo="02284" Max="1" MaxLength="631" Min="0" MinLength="1" Name="Performing Organization Address" Usage="O"/>  
      <Field Datatype="XCN_IZ" ItemNo="02285" Max="1" MaxLength="3002" Min="0" MinLength="1" Name="Performing Organization Medical Director" Usage="O"/> 
    </Segment> 
  </Segments>  
  <Datatypes> 
    <Datatype Description="Time Stamp" ID="TS_Z" Name="TS"> 
      <Component Datatype="DTM" MaxLength="24" MinLength="1" Name="Time" Usage="R"/>  
      <Component Datatype="ID" MaxLength="1" MinLength="1" Name="Degree of Precision" Usage="X"/> 
    </Datatype>  
    <Datatype Description="Extended Composite ID Number and Name for Persons" ID="XCN_IZ" Name="XCN"> 
      <Component Datatype="ST" MaxLength="15" MinLength="1" Name="ID Number" Usage="C"/>  
      <Component Datatype="FN" MaxLength="194" MinLength="1" Name="Family Name" Usage="RE"/>  
      <Component Datatype="ST" MaxLength="30" MinLength="1" Name="Given Name" Usage="RE"/>  
      <Component Datatype="ST" MaxLength="30" MinLength="1" Name="Second and Further Given Names or Initials Thereof" Usage="RE"/>  
      <Component Datatype="ST" MaxLength="20" MinLength="1" Name="Suffix (e.g., JR or III)" Usage="O"/>  
      <Component Datatype="ST" MaxLength="20" MinLength="1" Name="Prefix (e.g., DR)" Usage="O"/>  
      <Component Datatype="IS" MaxLength="5" MinLength="1" Name="Degree (e.g., MD)" Usage="X"/>  
      <Component Datatype="IS" MaxLength="4" MinLength="1" Name="Source Table" Usage="O"/>  
      <Component Datatype="HD" MaxLength="227" MinLength="1" Name="Assigning Authority" Usage="C"/>  
      <Component Datatype="ID" MaxLength="1" MinLength="1" Name="Name Type Code" Usage="RE"/>  
      <Component Datatype="ST" MaxLength="1" MinLength="1" Name="Identifier Check Digit" Usage="O"/>  
      <Component Datatype="ID" MaxLength="3" MinLength="1" Name="Check Digit Scheme" Usage="C"/>  
      <Component Datatype="ID" MaxLength="5" MinLength="1" Name="Identifier Type Code" Usage="O"/>  
      <Component Datatype="HD" MaxLength="227" MinLength="1" Name="Assigning Facility" Usage="O"/>  
      <Component Datatype="ID" MaxLength="1" MinLength="1" Name="Name Representation Code" Usage="O"/>  
      <Component Datatype="CE" MaxLength="483" MinLength="1" Name="Name Context" Usage="O"/>  
      <Component Datatype="DR_IZ" MaxLength="53" MinLength="1" Name="Name Validity Range" Usage="X"/>  
      <Component Datatype="ID" MaxLength="1" MinLength="1" Name="Name Assembly Order" Usage="X"/>  
      <Component Datatype="TS" MaxLength="26" MinLength="1" Name="Effective Date" Usage="O"/>  
      <Component Datatype="TS" MaxLength="26" MinLength="1" Name="Expiration Date" Usage="O"/>  
      <Component Datatype="ST" MaxLength="199" MinLength="1" Name="Professional Suffix" Usage="O"/>  
      <Component Datatype="CWE" MaxLength="705" MinLength="1" Name="Assigning Jurisdiction" Usage="O"/>  
      <Component Datatype="CWE" MaxLength="705" MinLength="1" Name="Assigning Agency or Department" Usage="O"/> 
    </Datatype>  
    <Datatype Description="Extended Composite ID with Check Digit" ID="CX_IZ" Name="CX"> 
      <Component Datatype="ST" MaxLength="15" MinLength="1" Name="ID Number" Usage="R"/>  
      <Component Datatype="ST" MaxLength="1" MinLength="1" Name="Check Digit" Usage="O"/>  
      <Component Datatype="ID" MaxLength="3" MinLength="1" Name="Check Digit Scheme" Usage="C"/>  
      <Component Datatype="HD_IZ" MaxLength="227" MinLength="1" Name="Assigning Authority" Usage="R"/>  
      <Component Datatype="ID" MaxLength="5" MinLength="2" Name="Identifier Type Code" Usage="R"/>  
      <Component Datatype="HD" MaxLength="227" MinLength="1" Name="Assigning Facility" Usage="O"/>  
      <Component Datatype="DT" MaxLength="8" MinLength="1" Name="Effective Date" Usage="O"/>  
      <Component Datatype="DT" MaxLength="8" MinLength="1" Name="Expiration Date" Usage="O"/>  
      <Component Datatype="CWE" MaxLength="705" MinLength="1" Name="Assigning Jurisdiction" Usage="O"/>  
      <Component Datatype="CWE" MaxLength="705" MinLength="1" Name="Assigning Agency or Department" Usage="O"/> 
    </Datatype>  
    <Datatype Description="Location with Address Variation 2" ID="LA2_IZ" Name="LA2"> 
      <Component Datatype="IS" MaxLength="20" MinLength="1" Name="Point of Care" Usage="O"/>  
      <Component Datatype="IS" MaxLength="20" MinLength="1" Name="Room" Usage="O"/>  
      <Component Datatype="IS" MaxLength="20" MinLength="1" Name="Bed" Usage="O"/>  
      <Component Datatype="HD_IZ" MaxLength="227" MinLength="1" Name="Facility" Usage="R"/>  
      <Component Datatype="IS" MaxLength="20" MinLength="1" Name="Location Status" Usage="O"/>  
      <Component Datatype="IS" MaxLength="20" MinLength="1" Name="Patient Location Type" Usage="O"/>  
      <Component Datatype="IS" MaxLength="20" MinLength="1" Name="Building" Usage="O"/>  
      <Component Datatype="IS" MaxLength="20" MinLength="1" Name="Floor" Usage="O"/>  
      <Component Datatype="ST" MaxLength="120" MinLength="1" Name="Street Address" Usage="O"/>  
      <Component Datatype="ST" MaxLength="120" MinLength="1" Name="Other Designation" Usage="O"/>  
      <Component Datatype="ST" MaxLength="50" MinLength="1" Name="City" Usage="O"/>  
      <Component Datatype="ST" MaxLength="50" MinLength="1" Name="State or Province" Usage="O"/>  
      <Component Datatype="ST" MaxLength="12" MinLength="1" Name="Zip or Postal Code" Usage="O"/>  
      <Component Datatype="ID" MaxLength="3" MinLength="1" Name="Country" Usage="O"/>  
      <Component Datatype="ID" MaxLength="3" MinLength="1" Name="Address Type" Usage="O"/>  
      <Component Datatype="ST" MaxLength="50" MinLength="1" Name="Other Geographic Designation" Usage="O"/> 
    </Datatype>  
    <Datatype Description="Extended Person Name" ID="XPN_DR" Name="XPN"> 
      <Component Datatype="FN" MaxLength="194" MinLength="1" Name="Family Name" Usage="O"/>  
      <Component Datatype="ST" MaxLength="30" MinLength="1" Name="Given Name" Usage="O"/>  
      <Component Datatype="ST" MaxLength="30" MinLength="1" Name="Second and Further Given Names or Initials Thereof" Usage="O"/>  
      <Component Datatype="ST" MaxLength="20" MinLength="1" Name="Suffix (e.g., JR or III)" Usage="O"/>  
      <Component Datatype="ST" MaxLength="20" MinLength="1" Name="Prefix (e.g., DR)" Usage="O"/>  
      <Component Datatype="IS" MaxLength="6" MinLength="1" Name="Degree (e.g., MD)" Usage="X"/>  
      <Component Datatype="ID" MaxLength="1" MinLength="1" Name="Name Type Code" Usage="O"/>  
      <Component Datatype="ID" MaxLength="1" MinLength="1" Name="Name Representation Code" Usage="O"/>  
      <Component Datatype="CE" MaxLength="483" MinLength="1" Name="Name Context" Usage="O"/>  
      <Component Datatype="DR_IZ" MaxLength="53" MinLength="1" Name="Name Validity Range" Usage="X"/>  
      <Component Datatype="ID" MaxLength="1" MinLength="1" Name="Name Assembly Order" Usage="O"/>  
      <Component Datatype="TS" MaxLength="26" MinLength="1" Name="Effective Date" Usage="O"/>  
      <Component Datatype="TS" MaxLength="26" MinLength="1" Name="Expiration Date" Usage="O"/>  
      <Component Datatype="ST" MaxLength="199" MinLength="1" Name="Professional Suffix" Usage="O"/> 
    </Datatype>  
    <Datatype Description="Processing Type" ID="PT_IZ" Name="PT"> 
      <Component Datatype="ID" MaxLength="1" MinLength="1" Name="Processing ID" Usage="R"/>  
      <Component Datatype="ID" MaxLength="1" MinLength="1" Name="Processing Mode" Usage="O"/> 
    </Datatype>  
    <Datatype Description="Version Identifier" ID="VID_IZ" Name="VID"> 
      <Component Datatype="ID" MaxLength="5" MinLength="5" Name="Version ID" Usage="R"/>  
      <Component Datatype="CE" MaxLength="483" MinLength="1" Name="Internationalization Code" Usage="O"/>  
      <Component Datatype="CE" MaxLength="483" MinLength="1" Name="International Version ID" Usage="O"/> 
    </Datatype>  
    <Datatype Description="Coded with Exceptions" ID="CWE_IZ" Name="CWE"> 
      <Component Datatype="ST" MaxLength="999" MinLength="1" Name="Identifier" Usage="R"/>  
      <Component Datatype="ST" MaxLength="999" MinLength="1" Name="Text" Usage="RE"/>  
      <Component Datatype="ID" MaxLength="20" MinLength="1" Name="Name of Coding System" Usage="C"/>  
      <Component Datatype="ST" MaxLength="999" MinLength="1" Name="Alternate Identifier" Usage="O"/>  
      <Component Datatype="ST" MaxLength="999" MinLength="1" Name="Alternate Text" Usage="C"/>  
      <Component Datatype="ID" MaxLength="20" MinLength="1" Name="Name of Alternate Coding System" Usage="C"/>  
      <Component Datatype="ST" MaxLength="10" MinLength="1" Name="Coding System Version ID" Usage="O"/>  
      <Component Datatype="ST" MaxLength="10" MinLength="1" Name="Alternate Coding System Version ID" Usage="O"/>  
      <Component Datatype="ST" MaxLength="199" MinLength="1" Name="Original Text" Usage="O"/> 
    </Datatype>  
    <Datatype Description="Time Stamp" ID="TS_M" Name="TS"> 
      <Component Datatype="DTM" MaxLength="24" MinLength="1" Name="Time" Usage="R"/>  
      <Component Datatype="ID" MaxLength="1" MinLength="1" Name="Degree of Precision" Usage="X"/> 
    </Datatype>  
    <Datatype Description="Error Location" ID="ERL_IZ" Name="ERL"> 
      <Component Datatype="ST" MaxLength="3" MinLength="3" Name="Segment ID" Usage="R"/>  
      <Component Datatype="NM" MaxLength="2" MinLength="1" Name="Segment Sequence" Usage="R"/>  
      <Component Datatype="NM" MaxLength="2" MinLength="1" Name="Field Position" Usage="C"/>  
      <Component Datatype="NM" MaxLength="2" MinLength="1" Name="Field Repetition" Usage="C"/>  
      <Component Datatype="NM" MaxLength="2" MinLength="1" Name="Component Number" Usage="C"/>  
      <Component Datatype="NM" MaxLength="2" MinLength="1" Name="Sub-Component Number" Usage="RE"/> 
    </Datatype>  
    <Datatype Description="Date/Time Range" ID="DR_IZ" Name="DR"> 
      <Component Datatype="DTM" MaxLength="26" MinLength="1" Name="Range Start Date/Time" Usage="O"/>  
      <Component Datatype="DTM" MaxLength="26" MinLength="1" Name="Range End Date/Time" Usage="O"/> 
    </Datatype>  
    <Datatype Description="Entity Identifier" ID="EI_IZ_RSP_Z42" Name="EI"> 
      <Component Datatype="ST" MaxLength="199" MinLength="1" Name="Entity Identifier" Usage="R"/>  
      <Component Datatype="IS" MaxLength="20" MinLength="1" Name="Namespace ID" Usage="C"/>  
      <Component Datatype="ST" MaxLength="199" MinLength="1" Name="Universal ID" Usage="C"/>  
      <Component Datatype="ID" MaxLength="6" MinLength="1" Name="Universal ID Type" Usage="C"/> 
    </Datatype>  
    <Datatype Description="Extended Person Name" ID="XPN_IZ" Name="XPN"> 
      <Component Datatype="FN" MaxLength="194" MinLength="1" Name="Family Name" Usage="R"/>  
      <Component Datatype="ST" MaxLength="30" MinLength="1" Name="Given Name" Usage="R"/>  
      <Component Datatype="ST" MaxLength="30" MinLength="1" Name="Second and Further Given Names or Initials Thereof" Usage="RE"/>  
      <Component Datatype="ST" MaxLength="20" MinLength="1" Name="Suffix (e.g., JR or III)" Usage="O"/>  
      <Component Datatype="ST" MaxLength="20" MinLength="1" Name="Prefix (e.g., DR)" Usage="O"/>  
      <Component Datatype="IS" MaxLength="6" MinLength="1" Name="Degree (e.g., MD)" Usage="X"/>  
      <Component Datatype="ID" MaxLength="1" MinLength="1" Name="Name Type Code" Usage="RE"/>  
      <Component Datatype="ID" MaxLength="1" MinLength="1" Name="Name Representation Code" Usage="O"/>  
      <Component Datatype="CE" MaxLength="483" MinLength="1" Name="Name Context" Usage="O"/>  
      <Component Datatype="DR_IZ" MaxLength="53" MinLength="1" Name="Name Validity Range" Usage="X"/>  
      <Component Datatype="ID" MaxLength="1" MinLength="1" Name="Name Assembly Order" Usage="O"/>  
      <Component Datatype="TS" MaxLength="26" MinLength="1" Name="Effective Date" Usage="O"/>  
      <Component Datatype="TS" MaxLength="26" MinLength="1" Name="Expiration Date" Usage="O"/>  
      <Component Datatype="ST" MaxLength="199" MinLength="1" Name="Professional Suffix" Usage="O"/> 
    </Datatype>  
    <Datatype Description="Time Stamp" ID="TS_NZ" Name="TS"> 
      <Component Datatype="DTM" MaxLength="24" MinLength="1" Name="Time" Usage="R"/>  
      <Component Datatype="ID" MaxLength="1" MinLength="1" Name="Degree of Precision" Usage="X"/> 
    </Datatype>  
    <Datatype Description="Message Type" ID="MSG_IZ_RSP" Name="MSG"> 
      <Component Datatype="ID" MaxLength="3" MinLength="3" Name="Message Code" Usage="R"/>  
      <Component Datatype="ID" MaxLength="3" MinLength="3" Name="Trigger Event" Usage="R"/>  
      <Component Datatype="ID" MaxLength="7" MinLength="3" Name="Message Structure" Usage="R"/> 
    </Datatype>  
    <Datatype Description="Composite Quantity with Units" ID="CQ_ST" Name="CQ"> 
      <Component Datatype="NM" MaxLength="16" MinLength="1" Name="Quantity" Usage="O"/>  
      <Component Datatype="ST" MaxLength="483" MinLength="1" Name="Units" Usage="O"/> 
    </Datatype>  
    <Datatype Description="Coded Element" ID="CE_IZ" Name="CE"> 
      <Component Datatype="ST" MaxLength="50" MinLength="1" Name="Identifier" Usage="R"/>  
      <Component Datatype="ST" MaxLength="999" MinLength="1" Name="Text" Usage="RE"/>  
      <Component Datatype="ID" MaxLength="20" MinLength="1" Name="Name of Coding System" Usage="R"/>  
      <Component Datatype="ST" MaxLength="50" MinLength="1" Name="Alternate Identifier" Usage="O"/>  
      <Component Datatype="ST" MaxLength="999" MinLength="1" Name="Alternate Text" Usage="C"/>  
      <Component Datatype="ID" MaxLength="20" MinLength="1" Name="Name of Alternate Coding System" Usage="C"/> 
    </Datatype>  
    <Datatype Description="Timing Quantity" ID="TQ" Name="TQ"> 
      <Component Datatype="CQ_ST" MaxLength="267" MinLength="1" Name="Quantity" Usage="O"/>  
      <Component Datatype="RI" MaxLength="206" MinLength="1" Name="Interval" Usage="O"/>  
      <Component Datatype="ST" MaxLength="6" MinLength="1" Name="Duration" Usage="O"/>  
      <Component Datatype="TS" MaxLength="26" MinLength="1" Name="Start Date/Time" Usage="O"/>  
      <Component Datatype="TS" MaxLength="26" MinLength="1" Name="End Date/Time" Usage="O"/>  
      <Component Datatype="ST" MaxLength="6" MinLength="1" Name="Priority" Usage="O"/>  
      <Component Datatype="ST" MaxLength="199" MinLength="1" Name="Condition" Usage="O"/>  
      <Component Datatype="TX" MaxLength="200" MinLength="1" Name="Text" Usage="O"/>  
      <Component Datatype="ID" MaxLength="1" MinLength="1" Name="Conjunction" Usage="O"/>  
      <Component Datatype="OSD" MaxLength="110" MinLength="1" Name="Order Sequencing" Usage="O"/>  
      <Component Datatype="CE" MaxLength="483" MinLength="1" Name="Occurrence Duration" Usage="O"/>  
      <Component Datatype="NM" MaxLength="4" MinLength="1" Name="Total Occurrences" Usage="O"/> 
    </Datatype>  
    <Datatype Description="Extended Address" ID="XAD_IZ" Name="XAD"> 
      <Component Datatype="SAD_IZ" MaxLength="184" MinLength="1" Name="Street Address" Usage="RE"/>  
      <Component Datatype="ST" MaxLength="120" MinLength="1" Name="Other Designation" Usage="RE"/>  
      <Component Datatype="ST" MaxLength="50" MinLength="1" Name="City" Usage="RE"/>  
      <Component Datatype="ST" MaxLength="50" MinLength="1" Name="State or Province" Usage="RE"/>  
      <Component Datatype="ST" MaxLength="12" MinLength="1" Name="Zip or Postal Code" Usage="RE"/>  
      <Component Datatype="ID" MaxLength="3" MinLength="1" Name="Country" Usage="RE"/>  
      <Component Datatype="ID" MaxLength="3" MinLength="1" Name="Address Type" Usage="R"/>  
      <Component Datatype="ST" MaxLength="50" MinLength="1" Name="Other Geographic Designation" Usage="O"/>  
      <Component Datatype="IS" MaxLength="20" MinLength="1" Name="County/Parish Code" Usage="O"/>  
      <Component Datatype="IS" MaxLength="20" MinLength="1" Name="Census Tract" Usage="O"/>  
      <Component Datatype="ID" MaxLength="1" MinLength="1" Name="Address Representation Code" Usage="O"/>  
      <Component Datatype="DR_IZ" MaxLength="53" MinLength="1" Name="Address Validity Range" Usage="X"/>  
      <Component Datatype="TS" MaxLength="26" MinLength="1" Name="Effective Date" Usage="O"/>  
      <Component Datatype="TS" MaxLength="26" MinLength="1" Name="Expiration Date" Usage="O"/> 
    </Datatype>  
    <Datatype Description="Extended Person Name" ID="XPN_M" Name="XPN"> 
      <Component Datatype="FN" MaxLength="194" MinLength="1" Name="Family Name" Usage="R"/>  
      <Component Datatype="ST" MaxLength="30" MinLength="1" Name="Given Name" Usage="RE"/>  
      <Component Datatype="ST" MaxLength="30" MinLength="1" Name="Second and Further Given Names or Initials Thereof" Usage="O"/>  
      <Component Datatype="ST" MaxLength="20" MinLength="1" Name="Suffix (e.g., JR or III)" Usage="O"/>  
      <Component Datatype="ST" MaxLength="20" MinLength="1" Name="Prefix (e.g., DR)" Usage="O"/>  
      <Component Datatype="IS" MaxLength="6" MinLength="1" Name="Degree (e.g., MD)" Usage="X"/>  
      <Component Datatype="ID" MaxLength="1" MinLength="1" Name="Name Type Code" Usage="R"/>  
      <Component Datatype="ID" MaxLength="1" MinLength="1" Name="Name Representation Code" Usage="O"/>  
      <Component Datatype="CE" MaxLength="483" MinLength="1" Name="Name Context" Usage="O"/>  
      <Component Datatype="DR_IZ" MaxLength="53" MinLength="1" Name="Name Validity Range" Usage="X"/>  
      <Component Datatype="ID" MaxLength="1" MinLength="1" Name="Name Assembly Order" Usage="O"/>  
      <Component Datatype="TS" MaxLength="26" MinLength="1" Name="Effective Date" Usage="O"/>  
      <Component Datatype="TS" MaxLength="26" MinLength="1" Name="Expiration Date" Usage="O"/>  
      <Component Datatype="ST" MaxLength="199" MinLength="1" Name="Professional Suffix" Usage="O"/> 
    </Datatype>  
    <Datatype Description="Hierarchic Designator" ID="HD_IZ" Name="HD"> 
      <Component Datatype="IS" MaxLength="20" MinLength="1" Name="Namespace ID" Usage="C"/>  
      <Component Datatype="ST" MaxLength="199" MinLength="1" Name="Universal ID" Usage="C"/>  
      <Component Datatype="ID" MaxLength="6" MinLength="1" Name="Universal ID Type" Usage="C"/> 
    </Datatype>  
    <Datatype Description="Extended Composite Name and Identification Number for Organizations" ID="XON_IZ" Name="XON"> 
      <Component Datatype="ST" MaxLength="50" MinLength="1" Name="Organization Name" Usage="RE"/>  
      <Component Datatype="IS" MaxLength="20" MinLength="1" Name="Organization Name Type Code" Usage="O"/>  
      <Component Datatype="NM" MaxLength="4" MinLength="1" Name="ID Number" Usage="X"/>  
      <Component Datatype="NM" MaxLength="1" MinLength="1" Name="Check Digit" Usage="O"/>  
      <Component Datatype="ID" MaxLength="3" MinLength="1" Name="Check Digit Scheme" Usage="O"/>  
      <Component Datatype="HD_IZ" MaxLength="227" MinLength="1" Name="Assigning Authority" Usage="C"/>  
      <Component Datatype="ID" MaxLength="5" MinLength="2" Name="Identifier Type Code" Usage="C"/>  
      <Component Datatype="HD" MaxLength="227" MinLength="1" Name="Assigning Facility" Usage="O"/>  
      <Component Datatype="ID" MaxLength="1" MinLength="1" Name="Name Representation Code" Usage="O"/>  
      <Component Datatype="ST" MaxLength="20" MinLength="1" Name="Organization Identifier" Usage="C"/> 
    </Datatype>  
    <Datatype Description="Extended Telecommunication Number" ID="XTN_IZ" Name="XTN"> 
      <Component Datatype="ST" MaxLength="199" MinLength="1" Name="Telephone Number" Usage="X"/>  
      <Component Datatype="ID" MaxLength="3" MinLength="1" Name="Telecommunication Use Code" Usage="R"/>  
      <Component Datatype="ID" MaxLength="8" MinLength="1" Name="Telecommunication Equipment Type" Usage="RE"/>  
      <Component Datatype="ST" MaxLength="199" MinLength="1" Name="Email Address" Usage="C"/>  
      <Component Datatype="NM" MaxLength="3" MinLength="1" Name="Country Code" Usage="O"/>  
      <Component Datatype="NM" MaxLength="5" MinLength="1" Name="Area/City Code" Usage="C"/>  
      <Component Datatype="NM" MaxLength="9" MinLength="1" Name="Local Number" Usage="C"/>  
      <Component Datatype="NM" MaxLength="5" MinLength="1" Name="Extension" Usage="O"/>  
      <Component Datatype="ST" MaxLength="199" MinLength="1" Name="Any Text" Usage="O"/>  
      <Component Datatype="ST" MaxLength="4" MinLength="1" Name="Extension Prefix" Usage="O"/>  
      <Component Datatype="ST" MaxLength="6" MinLength="1" Name="Speed Dial Code" Usage="O"/>  
      <Component Datatype="ST" MaxLength="199" MinLength="1" Name="Unformatted Telephone number" Usage="O"/> 
    </Datatype>  
    <Datatype Description="Repeat Interval" ID="RI" Name="RI"> 
      <Component Datatype="IS" MaxLength="6" MinLength="1" Name="Repeat Pattern" Usage="O"/>  
      <Component Datatype="ST" MaxLength="199" MinLength="1" Name="Explicit Time Interval" Usage="O"/> 
    </Datatype>  
    <Datatype Description="Date" ID="DT" Name="DT"/>  
    <Datatype Description="Extended Composite Name and Identification Number for Organizations" ID="XON" Name="XON"> 
      <Component Datatype="ST" MaxLength="50" MinLength="1" Name="Organization Name" Usage="O"/>  
      <Component Datatype="IS" MaxLength="20" MinLength="1" Name="Organization Name Type Code" Usage="O"/>  
      <Component Datatype="NM" MaxLength="4" MinLength="1" Name="ID Number" Usage="B"/>  
      <Component Datatype="NM" MaxLength="1" MinLength="1" Name="Check Digit" Usage="O"/>  
      <Component Datatype="ID" MaxLength="3" MinLength="1" Name="Check Digit Scheme" Usage="O"/>  
      <Component Datatype="HD" MaxLength="227" MinLength="1" Name="Assigning Authority" Usage="O"/>  
      <Component Datatype="ID" MaxLength="5" MinLength="1" Name="Identifier Type Code" Usage="O"/>  
      <Component Datatype="HD" MaxLength="227" MinLength="1" Name="Assigning Facility" Usage="O"/>  
      <Component Datatype="ID" MaxLength="1" MinLength="1" Name="Name Representation Code" Usage="O"/>  
      <Component Datatype="ST" MaxLength="20" MinLength="1" Name="Organization Identifier" Usage="O"/> 
    </Datatype>  
    <Datatype Description="Driver's License Number" ID="DLN" Name="DLN"> 
      <Component Datatype="ST" MaxLength="20" MinLength="1" Name="License Number" Usage="R"/>  
      <Component Datatype="IS" MaxLength="20" MinLength="1" Name="Issuing State, Province, Country" Usage="O"/>  
      <Component Datatype="DT" MaxLength="24" MinLength="1" Name="Expiration Date" Usage="O"/> 
    </Datatype>  
    <Datatype Description="Time Stamp" ID="TS" Name="TS"> 
      <Component Datatype="DTM" MaxLength="24" MinLength="1" Name="Time" Usage="R"/>  
      <Component Datatype="ID" MaxLength="1" MinLength="1" Name="Degree of Precision" Usage="B"/> 
    </Datatype>  
    <Datatype Description="String Data" ID="ST" Name="ST"/>  
    <Datatype Description="Family Name" ID="FN" Name="FN"> 
      <Component Datatype="ST" MaxLength="50" MinLength="1" Name="Surname" Usage="R"/>  
      <Component Datatype="ST" MaxLength="20" MinLength="1" Name="Own Surname Prefix" Usage="O"/>  
      <Component Datatype="ST" MaxLength="50" MinLength="1" Name="Own Surname" Usage="O"/>  
      <Component Datatype="ST" MaxLength="20" MinLength="1" Name="Surname Prefix From Partner/Spouse" Usage="O"/>  
      <Component Datatype="ST" MaxLength="50" MinLength="1" Name="Surname From Partner/Spouse" Usage="O"/> 
    </Datatype>  
    <Datatype Description="Date/Time Range" ID="DR" Name="DR"> 
      <Component Datatype="TS" MaxLength="26" MinLength="1" Name="Range Start Date/Time" Usage="O"/>  
      <Component Datatype="TS" MaxLength="26" MinLength="1" Name="Range End Date/Time" Usage="O"/> 
    </Datatype>  
    <Datatype Description="String Data" ID="ID" Name="ID"/>  
    <Datatype Description="#FIXME#" ID="NUL" Name="NUL"/>  
    <Datatype Description="Street Address" ID="SAD" Name="SAD"> 
      <Component Datatype="ST" MaxLength="120" MinLength="1" Name="Street or Mailing Address" Usage="O"/>  
      <Component Datatype="ST" MaxLength="50" MinLength="1" Name="Street Name" Usage="O"/>  
      <Component Datatype="ST" MaxLength="12" MinLength="1" Name="Dwelling Number" Usage="O"/> 
    </Datatype>  
    <Datatype Description="Street Address" ID="SAD_IZ" Name="SAD"> 
      <Component Datatype="ST" MaxLength="120" MinLength="1" Name="Street or Mailing Address" Usage="R"/>  
      <Component Datatype="ST" MaxLength="50" MinLength="1" Name="Street Name" Usage="O"/>  
      <Component Datatype="ST" MaxLength="12" MinLength="1" Name="Dwelling Number" Usage="O"/> 
    </Datatype>  
    <Datatype Description="Extended Composite ID with Check Digit" ID="CX" Name="CX"> 
      <Component Datatype="ST" MaxLength="15" MinLength="1" Name="ID Number" Usage="R"/>  
      <Component Datatype="ST" MaxLength="1" MinLength="1" Name="Check Digit" Usage="O"/>  
      <Component Datatype="ID" MaxLength="3" MinLength="1" Name="Check Digit Scheme" Usage="O"/>  
      <Component Datatype="HD" MaxLength="227" MinLength="1" Name="Assigning Authority" Usage="O"/>  
      <Component Datatype="ID" MaxLength="5" MinLength="1" Name="Identifier Type Code" Usage="O"/>  
      <Component Datatype="HD" MaxLength="227" MinLength="1" Name="Assigning Facility" Usage="O"/>  
      <Component Datatype="DT" MaxLength="8" MinLength="1" Name="Effective Date" Usage="O"/>  
      <Component Datatype="DT" MaxLength="8" MinLength="1" Name="Expiration Date" Usage="O"/>  
      <Component Datatype="CWE" MaxLength="705" MinLength="1" Name="Assigning Jurisdiction" Usage="O"/>  
      <Component Datatype="CWE" MaxLength="705" MinLength="1" Name="Assigning Agency or Department" Usage="O"/> 
    </Datatype>  
    <Datatype Description="Hierarchic Designator" ID="HD" Name="HD"> 
      <Component Datatype="IS" MaxLength="20" MinLength="1" Name="Namespace ID" Usage="O"/>  
      <Component Datatype="ST" MaxLength="199" MinLength="1" Name="Universal ID" Usage="C"/>  
      <Component Datatype="ID" MaxLength="6" MinLength="1" Name="Universal ID Type" Usage="C"/> 
    </Datatype>  
    <Datatype Description="Extended Telecommunication Number" ID="XTN" Name="XTN"> 
      <Component Datatype="ST" MaxLength="199" MinLength="1" Name="Telephone Number" Usage="X"/>  
      <Component Datatype="ID" MaxLength="3" MinLength="1" Name="Telecommunication Use Code" Usage="O"/>  
      <Component Datatype="ID" MaxLength="8" MinLength="1" Name="Telecommunication Equipment Type" Usage="O"/>  
      <Component Datatype="ST" MaxLength="199" MinLength="1" Name="Email Address" Usage="O"/>  
      <Component Datatype="NM" MaxLength="3" MinLength="1" Name="Country Code" Usage="O"/>  
      <Component Datatype="NM" MaxLength="5" MinLength="1" Name="Area/City Code" Usage="O"/>  
      <Component Datatype="NM" MaxLength="9" MinLength="1" Name="Local Number" Usage="O"/>  
      <Component Datatype="NM" MaxLength="5" MinLength="1" Name="Extension" Usage="O"/>  
      <Component Datatype="ST" MaxLength="199" MinLength="1" Name="Any Text" Usage="O"/>  
      <Component Datatype="ST" MaxLength="4" MinLength="1" Name="Extension Prefix" Usage="O"/>  
      <Component Datatype="ST" MaxLength="6" MinLength="1" Name="Speed Dial Code" Usage="O"/>  
      <Component Datatype="ST" MaxLength="199" MinLength="1" Name="Unformatted Telephone number" Usage="C"/> 
    </Datatype>  
    <Datatype Description="Date/Time" ID="DTM" Name="DTM"/>  
    <Datatype Description="Entity Identifier Pair" ID="EIP" Name="EIP"> 
      <Component Datatype="EI" MaxLength="427" MinLength="1" Name="Placer Assigned Identifier" Usage="O"/>  
      <Component Datatype="EI" MaxLength="427" MinLength="1" Name="Filler Assigned Identifier" Usage="O"/> 
    </Datatype>  
    <Datatype Description="Sequence ID" ID="SI" Name="SI"/>  
    <Datatype Description="Coded with Exceptions" ID="CWE" Name="CWE"> 
      <Component Datatype="ST" MaxLength="20" MinLength="1" Name="Identifier" Usage="O"/>  
      <Component Datatype="ST" MaxLength="199" MinLength="1" Name="Text" Usage="O"/>  
      <Component Datatype="ID" MaxLength="20" MinLength="1" Name="Name of Coding System" Usage="O"/>  
      <Component Datatype="ST" MaxLength="20" MinLength="1" Name="Alternate Identifier" Usage="O"/>  
      <Component Datatype="ST" MaxLength="199" MinLength="1" Name="Alternate Text" Usage="O"/>  
      <Component Datatype="ID" MaxLength="20" MinLength="1" Name="Name of Alternate Coding System" Usage="O"/>  
      <Component Datatype="ST" MaxLength="10" MinLength="1" Name="Coding System Version ID" Usage="C"/>  
      <Component Datatype="ST" MaxLength="10" MinLength="1" Name="Alternate Coding System Version ID" Usage="O"/>  
      <Component Datatype="ST" MaxLength="199" MinLength="1" Name="Original Text" Usage="O"/> 
    </Datatype>  
    <Datatype Description="String Data" ID="IS" Name="IS"/>  
    <Datatype Description="varies" ID="varies" Name="varies"/>  
    <Datatype Description="Person Location" ID="PL" Name="PL"> 
      <Component Datatype="IS" MaxLength="20" MinLength="1" Name="Point of Care" Usage="O"/>  
      <Component Datatype="IS" MaxLength="20" MinLength="1" Name="Room" Usage="O"/>  
      <Component Datatype="IS" MaxLength="20" MinLength="1" Name="Bed" Usage="O"/>  
      <Component Datatype="HD" MaxLength="227" MinLength="1" Name="Facility" Usage="O"/>  
      <Component Datatype="IS" MaxLength="20" MinLength="1" Name="Location Status" Usage="O"/>  
      <Component Datatype="IS" MaxLength="20" MinLength="1" Name="Person Location Type" Usage="C"/>  
      <Component Datatype="IS" MaxLength="20" MinLength="1" Name="Building" Usage="O"/>  
      <Component Datatype="IS" MaxLength="20" MinLength="1" Name="Floor" Usage="O"/>  
      <Component Datatype="ST" MaxLength="199" MinLength="1" Name="Location Description" Usage="O"/>  
      <Component Datatype="EI" MaxLength="427" MinLength="1" Name="Comprehensive Location Identifier" Usage="O"/>  
      <Component Datatype="HD" MaxLength="227" MinLength="1" Name="Assigning Authority for Location" Usage="O"/> 
    </Datatype>  
    <Datatype Description="Coded with No Exceptions" ID="CNE" Name="CNE"> 
      <Component Datatype="ST" MaxLength="20" MinLength="1" Name="Identifier" Usage="R"/>  
      <Component Datatype="ST" MaxLength="199" MinLength="1" Name="Text" Usage="O"/>  
      <Component Datatype="ID" MaxLength="20" MinLength="1" Name="Name of Coding System" Usage="O"/>  
      <Component Datatype="ST" MaxLength="20" MinLength="1" Name="Alternate Identifier" Usage="O"/>  
      <Component Datatype="ST" MaxLength="199" MinLength="1" Name="Alternate Text" Usage="O"/>  
      <Component Datatype="ID" MaxLength="20" MinLength="1" Name="Name of Alternate Coding System" Usage="O"/>  
      <Component Datatype="ST" MaxLength="10" MinLength="1" Name="Coding System Version ID" Usage="C"/>  
      <Component Datatype="ST" MaxLength="10" MinLength="1" Name="Alternate Coding System Version ID" Usage="O"/>  
      <Component Datatype="ST" MaxLength="199" MinLength="1" Name="Original Text" Usage="O"/> 
    </Datatype>  
    <Datatype Description="Error Location and Description" ID="ELD" Name="ELD"> 
      <Component Datatype="ST" MaxLength="3" MinLength="1" Name="Segment ID" Usage="O"/>  
      <Component Datatype="NM" MaxLength="2" MinLength="1" Name="Segment Sequence" Usage="O"/>  
      <Component Datatype="NM" MaxLength="2" MinLength="1" Name="Field Position" Usage="O"/>  
      <Component Datatype="CE" MaxLength="483" MinLength="1" Name="Code Identifying Error" Usage="O"/> 
    </Datatype>  
    <Datatype Description="Coded Element" ID="CE" Name="CE"> 
      <Component Datatype="ST" MaxLength="20" MinLength="1" Name="Identifier" Usage="O"/>  
      <Component Datatype="ST" MaxLength="199" MinLength="1" Name="Text" Usage="O"/>  
      <Component Datatype="ID" MaxLength="20" MinLength="1" Name="Name of Coding System" Usage="O"/>  
      <Component Datatype="ST" MaxLength="20" MinLength="1" Name="Alternate Identifier" Usage="O"/>  
      <Component Datatype="ST" MaxLength="199" MinLength="1" Name="Alternate Text" Usage="O"/>  
      <Component Datatype="ID" MaxLength="20" MinLength="1" Name="Name of Alternate Coding System" Usage="O"/> 
    </Datatype>  
    <Datatype Description="Numeric" ID="NM" Name="NM"/>  
    <Datatype Description="Order Sequence Definition" ID="OSD" Name="OSD"> 
      <Component Datatype="ID" MaxLength="1" MinLength="1" Name="Sequence/Results Flag" Usage="R"/>  
      <Component Datatype="ST" MaxLength="15" MinLength="1" Name="Placer Order Number: Entity Identifier" Usage="R"/>  
      <Component Datatype="IS" MaxLength="6" MinLength="1" Name="Placer Order Number: Namespace ID" Usage="O"/>  
      <Component Datatype="ST" MaxLength="15" MinLength="1" Name="Filler Order Number: Entity Identifier" Usage="R"/>  
      <Component Datatype="IS" MaxLength="6" MinLength="1" Name="Filler Order Number: Namespace ID" Usage="O"/>  
      <Component Datatype="ST" MaxLength="12" MinLength="1" Name="Sequence Condition Value" Usage="O"/>  
      <Component Datatype="NM" MaxLength="3" MinLength="1" Name="Maximum Number of Repeats" Usage="O"/>  
      <Component Datatype="ST" MaxLength="15" MinLength="1" Name="Placer Order Number: Universal ID" Usage="R"/>  
      <Component Datatype="ID" MaxLength="6" MinLength="1" Name="Placer Order Number: Universal ID Type" Usage="O"/>  
      <Component Datatype="ST" MaxLength="15" MinLength="1" Name="Filler Order Number: Universal ID" Usage="R"/>  
      <Component Datatype="ID" MaxLength="6" MinLength="1" Name="Filler Order Number: Universal ID Type" Usage="O"/> 
    </Datatype>  
    <Datatype Description="Text Data" ID="TX" Name="TX"/>  
    <Datatype Description="Entity Identifier" ID="EI" Name="EI"> 
      <Component Datatype="ST" MaxLength="199" MinLength="1" Name="Entity Identifier" Usage="O"/>  
      <Component Datatype="IS" MaxLength="20" MinLength="1" Name="Namespace ID" Usage="O"/>  
      <Component Datatype="ST" MaxLength="199" MinLength="1" Name="Universal ID" Usage="C"/>  
      <Component Datatype="ID" MaxLength="6" MinLength="1" Name="Universal ID Type" Usage="C"/> 
    </Datatype> 
  </Datatypes> 
</ConformanceProfile>
