<?xml version="1.0" encoding="UTF-8"?>

<ValueSetLibrary xmlns:xsi="http://www.w3.org/2001/XMLSchema-instance" Description="NIST Created" Name="Vocab for T42" ValueSetLibraryIdentifier="T42-ValueSets" ValueSetLibraryVersion="1.0" xsi:noNamespaceSchemaLocation="../Schema/ValueSets.xsd">  
  <ValueSetDefinitions Group="TEST" Order="1"> 
    <ValueSetDefinition BindingIdentifier="HL70001_US_IZ.2" ContentDefinition="Extensional" Extensibility="Closed" Name="Administrative Sex" Oid="2.16.840.1.113883.12..2" Stability="Static"> 
      <ValueElement CodeSystem="HL70001" CodeSystemVersion="2.5.1" DisplayName="Ambiguous" Usage="P" Value="A"/>  
      <ValueElement CodeSystem="HL70001" CodeSystemVersion="2.5.1" DisplayName="Female" Usage="R" Value="F"/>  
      <ValueElement CodeSystem="HL70001" CodeSystemVersion="2.5.1" DisplayName="Male" Usage="R" Value="M"/>  
      <ValueElement CodeSystem="HL70001" CodeSystemVersion="2.5.1" DisplayName="Not Applicable" Usage="P" Value="N"/>  
      <ValueElement CodeSystem="HL70001" CodeSystemVersion="2.5.1" DisplayName="Other" Usage="P" Value="O"/>  
      <ValueElement CodeSystem="HL70001" CodeSystemVersion="2.5.1" DisplayName="Unknown" Usage="R" Value="U"/> 
    </ValueSetDefinition>  
    <ValueSetDefinition BindingIdentifier="CVX_US_IZ.3" ContentDefinition="Extensional" Extensibility="Closed" Name="Vaccine Code" Oid="2.16.840.1.113883.12.XX.3" Stability="Dynamic"> 
      <ValueElement CodeSystem="CVX" CodeSystemVersion="X.X" DisplayName="no vaccine administered" Usage="R" Value="998"/>  
      <ValueElement CodeSystem="CVX" CodeSystemVersion="X.X" DisplayName="RESERVED - do not use" Usage="E" Value="99"/>  
      <ValueElement CodeSystem="CVX" CodeSystemVersion="X.X" DisplayName="unknown vaccine or immune globulin" Usage="R" Value="999"/>  
      <ValueElement CodeSystem="CVX" CodeSystemVersion="X.X" DisplayName="Adenovirus, type 4 and type 7, live, oral" Usage="R" Value="143"/>  
      <ValueElement CodeSystem="CVX" CodeSystemVersion="X.X" DisplayName="adenovirus vaccine, type 4, live, oral" Usage="R" Value="54"/>  
      <ValueElement CodeSystem="CVX" CodeSystemVersion="X.X" DisplayName="adenovirus vaccine, type 7, live, oral" Usage="R" Value="55"/>  
      <ValueElement CodeSystem="CVX" CodeSystemVersion="X.X" DisplayName="adenovirus vaccine, unspecified formulation" Usage="R" Value="82"/>  
      <ValueElement CodeSystem="CVX" CodeSystemVersion="X.X" DisplayName="anthrax vaccine" Usage="R" Value="24"/>  
      <ValueElement CodeSystem="CVX" CodeSystemVersion="X.X" DisplayName="AS03 Adjuvant" Usage="R" Value="801"/>  
      <ValueElement CodeSystem="CVX" CodeSystemVersion="X.X" DisplayName="Bacillus Calmette-Guerin vaccine" Usage="R" Value="19"/>  
      <ValueElement CodeSystem="CVX" CodeSystemVersion="X.X" DisplayName="botulinum antitoxin" Usage="R" Value="27"/>  
      <ValueElement CodeSystem="CVX" CodeSystemVersion="X.X" DisplayName="cholera vaccine" Usage="R" Value="26"/>  
      <ValueElement CodeSystem="CVX" CodeSystemVersion="X.X" DisplayName="cytomegalovirus immune globulin, intravenous" Usage="E" Value="29"/>  
      <ValueElement CodeSystem="CVX" CodeSystemVersion="X.X" DisplayName="dengue fever vaccine" Usage="E" Value="56"/>  
      <ValueElement CodeSystem="CVX" CodeSystemVersion="X.X" DisplayName="diphtheria antitoxin" Usage="R" Value="12"/>  
      <ValueElement CodeSystem="CVX" CodeSystemVersion="X.X" DisplayName="diphtheria and tetanus toxoids, adsorbed for pediatric use" Usage="R" Value="28"/>  
      <ValueElement CodeSystem="CVX" CodeSystemVersion="X.X" DisplayName="diphtheria, tetanus toxoids and acellular pertussis vaccine" Usage="R" Value="20"/>  
      <ValueElement CodeSystem="CVX" CodeSystemVersion="X.X" DisplayName="diphtheria, tetanus toxoids and acellular pertussis vaccine, 5 pertussis antigens" Usage="R" Value="106"/>  
      <ValueElement CodeSystem="CVX" CodeSystemVersion="X.X" DisplayName="diphtheria, tetanus toxoids and acellular pertussis vaccine, unspecified formulation" Usage="R" Value="107"/>  
      <ValueElement CodeSystem="CVX" CodeSystemVersion="X.X" DisplayName="Diphtheria and Tetanus Toxoids and Acellular Pertussis Adsorbed, Inactivated Poliovirus, Haemophilus b Conjugate (Meningococcal Outer Membrane Protein Complex), and Hepatitis B (Recombinant) Vaccine." Usage="R" Value="146"/>  
      <ValueElement CodeSystem="CVX" CodeSystemVersion="X.X" DisplayName="DTP- Haemophilus influenzae type b conjugate and hepatitis b vaccine" Usage="R" Value="102"/>  
      <ValueElement CodeSystem="CVX" CodeSystemVersion="X.X" DisplayName="DTaP-hepatitis B and poliovirus vaccine" Usage="R" Value="110"/>  
      <ValueElement CodeSystem="CVX" CodeSystemVersion="X.X" DisplayName="DTaP-Haemophilus influenzae type b conjugate vaccine" Usage="R" Value="50"/>  
      <ValueElement CodeSystem="CVX" CodeSystemVersion="X.X" DisplayName="diphtheria, tetanus toxoids and acellular pertussis vaccine, Haemophilus influenzae type b conjugate, and poliovirus vaccine, inactivated (DTaP-Hib-IPV)" Usage="R" Value="120"/>  
      <ValueElement CodeSystem="CVX" CodeSystemVersion="X.X" DisplayName="Diphtheria, tetanus toxoids and acellular pertussis vaccine, and poliovirus vaccine, inactivated" Usage="R" Value="130"/>  
      <ValueElement CodeSystem="CVX" CodeSystemVersion="X.X" DisplayName="Historical record of vaccine containing
    * diphtheria, tetanus toxoids and acellular pertussis,
    * poliovirus, inactivated,
    * Haemophilus influenzae type b conjugate,
    * Hepatitis B (DTaP-Hib-IPV)" Usage="R" Value="132"/>  
      <ValueElement CodeSystem="CVX" CodeSystemVersion="X.X" DisplayName="diphtheria, tetanus toxoids and pertussis vaccine" Usage="R" Value="01"/>  
      <ValueElement CodeSystem="CVX" CodeSystemVersion="X.X" DisplayName="DTP-Haemophilus influenzae type b conjugate vaccine" Usage="R" Value="22"/>  
      <ValueElement CodeSystem="CVX" CodeSystemVersion="X.X" DisplayName="hantavirus vaccine" Usage="E" Value="57"/>  
      <ValueElement CodeSystem="CVX" CodeSystemVersion="X.X" DisplayName="hepatitis B immune globulin" Usage="E" Value="30"/>  
      <ValueElement CodeSystem="CVX" CodeSystemVersion="X.X" DisplayName="hepatitis A vaccine, adult dosage" Usage="R" Value="52"/>  
      <ValueElement CodeSystem="CVX" CodeSystemVersion="X.X" DisplayName="Hepatitis A immune globulin" Usage="E" Value="154"/>  
      <ValueElement CodeSystem="CVX" CodeSystemVersion="X.X" DisplayName="hepatitis A vaccine, pediatric/adolescent dosage, 2 dose schedule" Usage="R" Value="83"/>  
      <ValueElement CodeSystem="CVX" CodeSystemVersion="X.X" DisplayName="hepatitis A vaccine, pediatric/adolescent dosage, 3 dose schedule" Usage="R" Value="84"/>  
      <ValueElement CodeSystem="CVX" CodeSystemVersion="X.X" DisplayName="hepatitis A vaccine, pediatric dosage, unspecified formulation" Usage="E" Value="31"/>  
      <ValueElement CodeSystem="CVX" CodeSystemVersion="X.X" DisplayName="hepatitis A vaccine, unspecified formulation" Usage="R" Value="85"/>  
      <ValueElement CodeSystem="CVX" CodeSystemVersion="X.X" DisplayName="hepatitis A and hepatitis B vaccine" Usage="R" Value="104"/>  
      <ValueElement CodeSystem="CVX" CodeSystemVersion="X.X" DisplayName="hepatitis B vaccine, pediatric or pediatric/adolescent dosage" Usage="R" Value="08"/>  
      <ValueElement CodeSystem="CVX" CodeSystemVersion="X.X" DisplayName="hepatitis B vaccine, adolescent/high risk infant dosage" Usage="R" Value="42"/>  
      <ValueElement CodeSystem="CVX" CodeSystemVersion="X.X" DisplayName="hepatitis B vaccine, adult dosage" Usage="R" Value="43"/>  
      <ValueElement CodeSystem="CVX" CodeSystemVersion="X.X" DisplayName="hepatitis B vaccine, dialysis patient dosage" Usage="R" Value="44"/>  
      <ValueElement CodeSystem="CVX" CodeSystemVersion="X.X" DisplayName="hepatitis B vaccine, unspecified formulation" Usage="R" Value="45"/>  
      <ValueElement CodeSystem="CVX" CodeSystemVersion="X.X" DisplayName="hepatitis C vaccine" Usage="E" Value="58"/>  
      <ValueElement CodeSystem="CVX" CodeSystemVersion="X.X" DisplayName="hepatitis E vaccine" Usage="E" Value="59"/>  
      <ValueElement CodeSystem="CVX" CodeSystemVersion="X.X" DisplayName="herpes simplex virus, type 2 vaccine" Usage="E" Value="60"/>  
      <ValueElement CodeSystem="CVX" CodeSystemVersion="X.X" DisplayName="Haemophilus influenzae type b vaccine, HbOC conjugate" Usage="R" Value="47"/>  
      <ValueElement CodeSystem="CVX" CodeSystemVersion="X.X" DisplayName="Haemophilus influenzae type b vaccine, PRP-D conjugate" Usage="R" Value="46"/>  
      <ValueElement CodeSystem="CVX" CodeSystemVersion="X.X" DisplayName="Haemophilus influenzae type b vaccine, PRP-OMP conjugate" Usage="R" Value="49"/>  
      <ValueElement CodeSystem="CVX" CodeSystemVersion="X.X" DisplayName="Haemophilus influenzae type b vaccine, PRP-T conjugate" Usage="R" Value="48"/>  
      <ValueElement CodeSystem="CVX" CodeSystemVersion="X.X" DisplayName="Haemophilus influenzae type b vaccine, conjugate unspecified formulation" Usage="R" Value="17"/>  
      <ValueElement CodeSystem="CVX" CodeSystemVersion="X.X" DisplayName="Haemophilus influenzae type b conjugate and Hepatitis B vaccine" Usage="R" Value="51"/>  
      <ValueElement CodeSystem="CVX" CodeSystemVersion="X.X" DisplayName="human immunodeficiency virus vaccine" Usage="E" Value="61"/>  
      <ValueElement CodeSystem="CVX" CodeSystemVersion="X.X" DisplayName="human papilloma virus vaccine, bivalent" Usage="R" Value="118"/>  
      <ValueElement CodeSystem="CVX" CodeSystemVersion="X.X" DisplayName="human papilloma virus vaccine, quadrivalent" Usage="R" Value="62"/>  
      <ValueElement CodeSystem="CVX" CodeSystemVersion="X.X" DisplayName="HPV, unspecified formulation" Usage="R" Value="137"/>  
      <ValueElement CodeSystem="CVX" CodeSystemVersion="X.X" DisplayName="Human Papillomavirus 9-valent vaccine" Usage="R" Value="165"/>  
      <ValueElement CodeSystem="CVX" CodeSystemVersion="X.X" DisplayName="immune globulin, intramuscular" Usage="E" Value="86"/>  
      <ValueElement CodeSystem="CVX" CodeSystemVersion="X.X" DisplayName="immune globulin, unspecified formulation" Usage="E" Value="14"/>  
      <ValueElement CodeSystem="CVX" CodeSystemVersion="X.X" DisplayName="immune globulin, intravenous" Usage="E" Value="87"/>  
      <ValueElement CodeSystem="CVX" CodeSystemVersion="X.X" DisplayName="Influenza A monovalent (H5N1), adjuvanted, National stockpile 2013" Usage="R" Value="160"/>  
      <ValueElement CodeSystem="CVX" CodeSystemVersion="X.X" DisplayName="influenza nasal, unspecified formulation" Usage="R" Value="151"/>  
      <ValueElement CodeSystem="CVX" CodeSystemVersion="X.X" DisplayName="influenza virus vaccine, H5N1, A/Vietnam/1203/2004 (national stockpile)" Usage="R" Value="123"/>  
      <ValueElement CodeSystem="CVX" CodeSystemVersion="X.X" DisplayName="influenza, high dose seasonal, preservative-free" Usage="R" Value="135"/>  
      <ValueElement CodeSystem="CVX" CodeSystemVersion="X.X" DisplayName="Influenza, injectable, Madin Darby Canine Kidney, preservative free" Usage="R" Value="153"/>  
      <ValueElement CodeSystem="CVX" CodeSystemVersion="X.X" DisplayName="influenza, injectable, quadrivalent, contains preservative" Usage="R" Value="158"/>  
      <ValueElement CodeSystem="CVX" CodeSystemVersion="X.X" DisplayName="Influenza, injectable, quadrivalent, preservative free" Usage="R" Value="150"/>  
      <ValueElement CodeSystem="CVX" CodeSystemVersion="X.X" DisplayName="Influenza, injectable,quadrivalent, preservative free, pediatric" Usage="R" Value="161"/>  
      <ValueElement CodeSystem="CVX" CodeSystemVersion="X.X" DisplayName="influenza, intradermal, quadrivalent, preservative free, injectable" Usage="R" Value="166"/>  
      <ValueElement CodeSystem="CVX" CodeSystemVersion="X.X" DisplayName="influenza virus vaccine, live, attenuated, for intranasal use" Usage="R" Value="111"/>  
      <ValueElement CodeSystem="CVX" CodeSystemVersion="X.X" DisplayName="influenza, live, intranasal, quadrivalent" Usage="R" Value="149"/>  
      <ValueElement CodeSystem="CVX" CodeSystemVersion="X.X" DisplayName="Seasonal, trivalent, recombinant, injectable influenza vaccine, preservative free" Usage="R" Value="155"/>  
      <ValueElement CodeSystem="CVX" CodeSystemVersion="X.X" DisplayName="Influenza, seasonal, injectable" Usage="R" Value="141"/>  
      <ValueElement CodeSystem="CVX" CodeSystemVersion="X.X" DisplayName="Influenza, seasonal, injectable, preservative free" Usage="R" Value="140"/>  
      <ValueElement CodeSystem="CVX" CodeSystemVersion="X.X" DisplayName="seasonal influenza, intradermal, preservative free" Usage="R" Value="144"/>  
      <ValueElement CodeSystem="CVX" CodeSystemVersion="X.X" DisplayName="influenza virus vaccine, split virus (incl. purified surface antigen)-retired CODE" Usage="R" Value="15"/>  
      <ValueElement CodeSystem="CVX" CodeSystemVersion="X.X" DisplayName="influenza virus vaccine, unspecified formulation" Usage="R" Value="88"/>  
      <ValueElement CodeSystem="CVX" CodeSystemVersion="X.X" DisplayName="influenza virus vaccine, whole virus" Usage="R" Value="16"/>  
      <ValueElement CodeSystem="CVX" CodeSystemVersion="X.X" DisplayName="poliovirus vaccine, inactivated" Usage="R" Value="10"/>  
      <ValueElement CodeSystem="CVX" CodeSystemVersion="X.X" DisplayName="Japanese Encephalitis vaccine for intramuscular administration" Usage="R" Value="134"/>  
      <ValueElement CodeSystem="CVX" CodeSystemVersion="X.X" DisplayName="Japanese Encephalitis Vaccine SC" Usage="R" Value="39"/>  
      <ValueElement CodeSystem="CVX" CodeSystemVersion="X.X" DisplayName="Japanese Encephalitis vaccine, unspecified formulation" Usage="R" Value="129"/>  
      <ValueElement CodeSystem="CVX" CodeSystemVersion="X.X" DisplayName="Junin virus vaccine" Usage="E" Value="63"/>  
      <ValueElement CodeSystem="CVX" CodeSystemVersion="X.X" DisplayName="leishmaniasis vaccine" Usage="E" Value="64"/>  
      <ValueElement CodeSystem="CVX" CodeSystemVersion="X.X" DisplayName="leprosy vaccine" Usage="E" Value="65"/>  
      <ValueElement CodeSystem="CVX" CodeSystemVersion="X.X" DisplayName="Lyme disease vaccine" Usage="R" Value="66"/>  
      <ValueElement CodeSystem="CVX" CodeSystemVersion="X.X" DisplayName="measles and rubella virus vaccine" Usage="R" Value="04"/>  
      <ValueElement CodeSystem="CVX" CodeSystemVersion="X.X" DisplayName="malaria vaccine" Usage="E" Value="67"/>  
      <ValueElement CodeSystem="CVX" CodeSystemVersion="X.X" DisplayName="measles virus vaccine" Usage="R" Value="05"/>  
      <ValueElement CodeSystem="CVX" CodeSystemVersion="X.X" DisplayName="melanoma vaccine" Usage="E" Value="68"/>  
      <ValueElement CodeSystem="CVX" CodeSystemVersion="X.X" DisplayName="meningococcal B vaccine, recombinant, OMV, adjuvanted" Usage="R" Value="163"/>  
      <ValueElement CodeSystem="CVX" CodeSystemVersion="X.X" DisplayName="meningococcal B vaccine, fully recombinant" Usage="R" Value="162"/>  
      <ValueElement CodeSystem="CVX" CodeSystemVersion="X.X" DisplayName="meningococcal B, unspecified formulation" Usage="R" Value="164"/>  
      <ValueElement CodeSystem="CVX" CodeSystemVersion="X.X" DisplayName="meningococcal C conjugate vaccine" Usage="R" Value="103"/>  
      <ValueElement CodeSystem="CVX" CodeSystemVersion="X.X" DisplayName="Meningococcal Groups C and Y and Haemophilus b Tetanus Toxoid Conjugate Vaccine" Usage="R" Value="148"/>  
      <ValueElement CodeSystem="CVX" CodeSystemVersion="X.X" DisplayName="Meningococcal, MCV4, unspecified formulation(groups A, C, Y and W-135)" Usage="R" Value="147"/>  
      <ValueElement CodeSystem="CVX" CodeSystemVersion="X.X" DisplayName="meningococcal oligosaccharide (groups A, C, Y and W-135) diphtheria toxoid conjugate vaccine (MCV4O)" Usage="R" Value="136"/>  
      <ValueElement CodeSystem="CVX" CodeSystemVersion="X.X" DisplayName="meningococcal polysaccharide (groups A, C, Y and W-135) diphtheria toxoid conjugate vaccine (MCV4P)" Usage="R" Value="114"/>  
      <ValueElement CodeSystem="CVX" CodeSystemVersion="X.X" DisplayName="meningococcal polysaccharide vaccine (MPSV4)" Usage="R" Value="32"/>  
      <ValueElement CodeSystem="CVX" CodeSystemVersion="X.X" DisplayName="meningococcal vaccine, unspecified formulation" Usage="R" Value="108"/>  
      <ValueElement CodeSystem="CVX" CodeSystemVersion="X.X" DisplayName="measles, mumps and rubella virus vaccine" Usage="R" Value="03"/>  
      <ValueElement CodeSystem="CVX" CodeSystemVersion="X.X" DisplayName="measles, mumps, rubella, and varicella virus vaccine" Usage="R" Value="94"/>  
      <ValueElement CodeSystem="CVX" CodeSystemVersion="X.X" DisplayName="mumps virus vaccine" Usage="R" Value="07"/>  
      <ValueElement CodeSystem="CVX" CodeSystemVersion="X.X" DisplayName="Novel influenza-H1N1-09, injectable" Usage="R" Value="127"/>  
      <ValueElement CodeSystem="CVX" CodeSystemVersion="X.X" DisplayName="Novel influenza-H1N1-09, all formulations" Usage="R" Value="128"/>  
      <ValueElement CodeSystem="CVX" CodeSystemVersion="X.X" DisplayName="Novel Influenza-H1N1-09, live virus for nasal administration" Usage="R" Value="125"/>  
      <ValueElement CodeSystem="CVX" CodeSystemVersion="X.X" DisplayName="Novel influenza-H1N1-09, preservative-free, injectable" Usage="R" Value="126"/>  
      <ValueElement CodeSystem="CVX" CodeSystemVersion="X.X" DisplayName="poliovirus vaccine, live, oral" Usage="R" Value="02"/>  
      <ValueElement CodeSystem="CVX" CodeSystemVersion="X.X" DisplayName="parainfluenza-3 virus vaccine" Usage="R" Value="69"/>  
      <ValueElement CodeSystem="CVX" CodeSystemVersion="X.X" DisplayName="pertussis vaccine" Usage="R" Value="11"/>  
      <ValueElement CodeSystem="CVX" CodeSystemVersion="X.X" DisplayName="plague vaccine" Usage="R" Value="23"/>  
      <ValueElement CodeSystem="CVX" CodeSystemVersion="X.X" DisplayName="pneumococcal conjugate vaccine, 13 valent" Usage="R" Value="133"/>  
      <ValueElement CodeSystem="CVX" CodeSystemVersion="X.X" DisplayName="pneumococcal conjugate vaccine, 7 valent" Usage="R" Value="100"/>  
      <ValueElement CodeSystem="CVX" CodeSystemVersion="X.X" DisplayName="Pneumococcal Conjugate, unspecified formulation" Usage="R" Value="152"/>  
      <ValueElement CodeSystem="CVX" CodeSystemVersion="X.X" DisplayName="pneumococcal polysaccharide vaccine, 23 valent" Usage="R" Value="33"/>  
      <ValueElement CodeSystem="CVX" CodeSystemVersion="X.X" DisplayName="pneumococcal vaccine, unspecified formulation" Usage="R" Value="109"/>  
      <ValueElement CodeSystem="CVX" CodeSystemVersion="X.X" DisplayName="poliovirus vaccine, unspecified formulation" Usage="R" Value="89"/>  
      <ValueElement CodeSystem="CVX" CodeSystemVersion="X.X" DisplayName="Q fever vaccine" Usage="R" Value="70"/>  
      <ValueElement CodeSystem="CVX" CodeSystemVersion="X.X" DisplayName="rabies vaccine, for intradermal injection" Usage="R" Value="40"/>  
      <ValueElement CodeSystem="CVX" CodeSystemVersion="X.X" DisplayName="rabies vaccine, for intramuscular injection" Usage="R" Value="18"/>  
      <ValueElement CodeSystem="CVX" CodeSystemVersion="X.X" DisplayName="rabies vaccine, unspecified formulation" Usage="R" Value="90"/>  
      <ValueElement CodeSystem="CVX" CodeSystemVersion="X.X" DisplayName="rheumatic fever vaccine" Usage="E" Value="72"/>  
      <ValueElement CodeSystem="CVX" CodeSystemVersion="X.X" DisplayName="Rho(D) Unspecified formulation" Usage="E" Value="159"/>  
      <ValueElement CodeSystem="CVX" CodeSystemVersion="X.X" DisplayName="Rho(D) Immune globulin - IM" Usage="E" Value="157"/>  
      <ValueElement CodeSystem="CVX" CodeSystemVersion="X.X" DisplayName="Rho(D) Immune globulin- IV or IM" Usage="E" Value="156"/>  
      <ValueElement CodeSystem="CVX" CodeSystemVersion="X.X" DisplayName="Rift Valley fever vaccine" Usage="E" Value="73"/>  
      <ValueElement CodeSystem="CVX" CodeSystemVersion="X.X" DisplayName="rabies immune globulin" Usage="E" Value="34"/>  
      <ValueElement CodeSystem="CVX" CodeSystemVersion="X.X" DisplayName="rotavirus, live, monovalent vaccine" Usage="R" Value="119"/>  
      <ValueElement CodeSystem="CVX" CodeSystemVersion="X.X" DisplayName="rotavirus, live, pentavalent vaccine" Usage="R" Value="116"/>  
      <ValueElement CodeSystem="CVX" CodeSystemVersion="X.X" DisplayName="rotavirus, live, tetravalent vaccine" Usage="R" Value="74"/>  
      <ValueElement CodeSystem="CVX" CodeSystemVersion="X.X" DisplayName="rotavirus vaccine, unspecified formulation" Usage="R" Value="122"/>  
      <ValueElement CodeSystem="CVX" CodeSystemVersion="X.X" DisplayName="respiratory syncytial virus immune globulin, intravenous" Usage="E" Value="71"/>  
      <ValueElement CodeSystem="CVX" CodeSystemVersion="X.X" DisplayName="respiratory syncytial virus monoclonal antibody (palivizumab), intramuscular" Usage="R" Value="93"/>  
      <ValueElement CodeSystem="CVX" CodeSystemVersion="X.X" DisplayName="respiratory syncytial virus monoclonal antibody (motavizumab), intramuscular" Usage="R" Value="145"/>  
      <ValueElement CodeSystem="CVX" CodeSystemVersion="X.X" DisplayName="rubella virus vaccine" Usage="R" Value="06"/>  
      <ValueElement CodeSystem="CVX" CodeSystemVersion="X.X" DisplayName="rubella and mumps virus vaccine" Usage="R" Value="38"/>  
      <ValueElement CodeSystem="CVX" CodeSystemVersion="X.X" DisplayName="Staphylococcus bacteriophage lysate" Usage="R" Value="76"/>  
      <ValueElement CodeSystem="CVX" CodeSystemVersion="X.X" DisplayName="tetanus and diphtheria toxoids, not adsorbed, for adult use" Usage="R" Value="138"/>  
      <ValueElement CodeSystem="CVX" CodeSystemVersion="X.X" DisplayName="tetanus and diphtheria toxoids, adsorbed, preservative free, for adult use" Usage="R" Value="113"/>  
      <ValueElement CodeSystem="CVX" CodeSystemVersion="X.X" DisplayName="tetanus and diphtheria toxoids, adsorbed, for adult use" Usage="R" Value="09"/>  
      <ValueElement CodeSystem="CVX" CodeSystemVersion="X.X" DisplayName="Td(adult) unspecified formulation" Usage="R" Value="139"/>  
      <ValueElement CodeSystem="CVX" CodeSystemVersion="X.X" DisplayName="tetanus toxoid, reduced diphtheria toxoid, and acellular pertussis vaccine, adsorbed" Usage="R" Value="115"/>  
      <ValueElement CodeSystem="CVX" CodeSystemVersion="X.X" DisplayName="tetanus toxoid, adsorbed" Usage="R" Value="35"/>  
      <ValueElement CodeSystem="CVX" CodeSystemVersion="X.X" DisplayName="tetanus toxoid, not adsorbed" Usage="R" Value="142"/>  
      <ValueElement CodeSystem="CVX" CodeSystemVersion="X.X" DisplayName="tetanus toxoid, unspecified formulation" Usage="R" Value="112"/>  
      <ValueElement CodeSystem="CVX" CodeSystemVersion="X.X" DisplayName="tick-borne encephalitis vaccine" Usage="R" Value="77"/>  
      <ValueElement CodeSystem="CVX" CodeSystemVersion="X.X" DisplayName="tetanus immune globulin" Usage="E" Value="13"/>  
      <ValueElement CodeSystem="CVX" CodeSystemVersion="X.X" DisplayName="tuberculin skin test; unspecified formulation" Usage="E" Value="98"/>  
      <ValueElement CodeSystem="CVX" CodeSystemVersion="X.X" DisplayName="tuberculin skin test; old tuberculin, multipuncture device" Usage="E" Value="95"/>  
      <ValueElement CodeSystem="CVX" CodeSystemVersion="X.X" DisplayName="tuberculin skin test; purified protein derivative solution, intradermal" Usage="E" Value="96"/>  
      <ValueElement CodeSystem="CVX" CodeSystemVersion="X.X" DisplayName="tuberculin skin test; purified protein derivative, multipuncture device" Usage="E" Value="97"/>  
      <ValueElement CodeSystem="CVX" CodeSystemVersion="X.X" DisplayName="tularemia vaccine" Usage="R" Value="78"/>  
      <ValueElement CodeSystem="CVX" CodeSystemVersion="X.X" DisplayName="typhoid vaccine, live, oral" Usage="R" Value="25"/>  
      <ValueElement CodeSystem="CVX" CodeSystemVersion="X.X" DisplayName="typhoid vaccine, parenteral, other than acetone-killed, dried" Usage="R" Value="41"/>  
      <ValueElement CodeSystem="CVX" CodeSystemVersion="X.X" DisplayName="typhoid vaccine, parenteral, acetone-killed, dried (U.S. military)" Usage="R" Value="53"/>  
      <ValueElement CodeSystem="CVX" CodeSystemVersion="X.X" DisplayName="typhoid vaccine, unspecified formulation" Usage="R" Value="91"/>  
      <ValueElement CodeSystem="CVX" CodeSystemVersion="X.X" DisplayName="typhoid Vi capsular polysaccharide vaccine" Usage="R" Value="101"/>  
      <ValueElement CodeSystem="CVX" CodeSystemVersion="X.X" DisplayName="Historical record of a typhus vaccination" Usage="R" Value="131"/>  
      <ValueElement CodeSystem="CVX" CodeSystemVersion="X.X" DisplayName="vaccinia (smallpox) vaccine" Usage="R" Value="75"/>  
      <ValueElement CodeSystem="CVX" CodeSystemVersion="X.X" DisplayName="vaccinia (smallpox) vaccine, diluted" Usage="R" Value="105"/>  
      <ValueElement CodeSystem="CVX" CodeSystemVersion="X.X" DisplayName="vaccinia immune globulin" Usage="E" Value="79"/>  
      <ValueElement CodeSystem="CVX" CodeSystemVersion="X.X" DisplayName="varicella virus vaccine" Usage="R" Value="21"/>  
      <ValueElement CodeSystem="CVX" CodeSystemVersion="X.X" DisplayName="Venezuelan equine encephalitis, inactivated" Usage="R" Value="81"/>  
      <ValueElement CodeSystem="CVX" CodeSystemVersion="X.X" DisplayName="Venezuelan equine encephalitis, live, attenuated" Usage="R" Value="80"/>  
      <ValueElement CodeSystem="CVX" CodeSystemVersion="X.X" DisplayName="Venezuelan equine encephalitis vaccine, unspecified formulation" Usage="R" Value="92"/>  
      <ValueElement CodeSystem="CVX" CodeSystemVersion="X.X" DisplayName="varicella zoster immune globulin" Usage="E" Value="36"/>  
      <ValueElement CodeSystem="CVX" CodeSystemVersion="X.X" DisplayName="varicella zoster immune globulin (Investigational New Drug)" Usage="E" Value="117"/>  
      <ValueElement CodeSystem="CVX" CodeSystemVersion="X.X" DisplayName="yellow fever vaccine" Usage="R" Value="37"/>  
      <ValueElement CodeSystem="CVX" CodeSystemVersion="X.X" DisplayName="zoster vaccine, live" Usage="R" Value="121"/> 
    </ValueSetDefinition>  
    <ValueSetDefinition BindingIdentifier="HL70203_US_IZ.5" ContentDefinition="Extensional" Extensibility="Closed" Name="Identifier Type" Oid="2.16.840.1.113883.12.20.5" Stability="Static"> 
      <ValueElement CodeSystem="HL70001" CodeSystemVersion="2.5.1" DisplayName="Accession ID" Usage="E" Value="ACSN"/>  
      <ValueElement CodeSystem="HL70001" CodeSystemVersion="2.5.1" DisplayName="American Express" Usage="E" Value="AM"/>  
      <ValueElement CodeSystem="HL70001" CodeSystemVersion="2.5.1" DisplayName="American Medical Association Number" Usage="E" Value="AMA"/>  
      <ValueElement CodeSystem="HL70001" CodeSystemVersion="2.5.1" DisplayName="Account number " Usage="E" Value="AN"/>  
      <ValueElement CodeSystem="HL70001" CodeSystemVersion="2.5.1" DisplayName="Anonymous identifier" Usage="E" Value="ANON"/>  
      <ValueElement CodeSystem="HL70001" CodeSystemVersion="2.5.1" DisplayName="Account number Creditor" Usage="E" Value="ANC"/>  
      <ValueElement CodeSystem="HL70001" CodeSystemVersion="2.5.1" DisplayName="Account number debitor" Usage="E" Value="AND"/>  
      <ValueElement CodeSystem="HL70001" CodeSystemVersion="2.5.1" DisplayName="Temporary Account Number" Usage="E" Value="ANT"/>  
      <ValueElement CodeSystem="HL70001" CodeSystemVersion="2.5.1" DisplayName="Advanced Practice Registered Nurse number" Usage="E" Value="APRN"/>  
      <ValueElement CodeSystem="HL70001" CodeSystemVersion="2.5.1" DisplayName="Ancestor Specimen ID" Usage="E" Value="ASID"/>  
      <ValueElement CodeSystem="HL70001" CodeSystemVersion="2.5.1" DisplayName="Bank Account Number" Usage="E" Value="BA"/>  
      <ValueElement CodeSystem="HL70001" CodeSystemVersion="2.5.1" DisplayName="Bank Card Number" Usage="E" Value="BC"/>  
      <ValueElement CodeSystem="HL70001" CodeSystemVersion="2.5.1" DisplayName="Birth Certificate" Usage="E" Value="BCT"/>  
      <ValueElement CodeSystem="HL70001" CodeSystemVersion="2.5.1" DisplayName="Birth registry number" Usage="E" Value="BR"/>  
      <ValueElement CodeSystem="HL70001" CodeSystemVersion="2.5.1" DisplayName="Breed Registry Number" Usage="E" Value="BRN"/>  
      <ValueElement CodeSystem="HL70001" CodeSystemVersion="2.5.1" DisplayName="Primary physician office number" Usage="E" Value="BSNR"/>  
      <ValueElement CodeSystem="HL70001" CodeSystemVersion="2.5.1" DisplayName="Cost Center number" Usage="E" Value="CC"/>  
      <ValueElement CodeSystem="HL70001" CodeSystemVersion="2.5.1" DisplayName="Change of Name Document" Usage="E" Value="CONM"/>  
      <ValueElement CodeSystem="HL70001" CodeSystemVersion="2.5.1" DisplayName="Citizenship Card" Usage="E" Value="CZ"/>  
      <ValueElement CodeSystem="HL70001" CodeSystemVersion="2.5.1" DisplayName="County number" Usage="E" Value="CY"/>  
      <ValueElement CodeSystem="HL70001" CodeSystemVersion="2.5.1" DisplayName="Dentist license number" Usage="E" Value="DDS"/>  
      <ValueElement CodeSystem="HL70001" CodeSystemVersion="2.5.1" DisplayName="Drug Enforcement Administration registration number" Usage="E" Value="DEA"/>  
      <ValueElement CodeSystem="HL70001" CodeSystemVersion="2.5.1" DisplayName="Diner’s Club card" Usage="E" Value="DI"/>  
      <ValueElement CodeSystem="HL70001" CodeSystemVersion="2.5.1" DisplayName="Drug Furnishing or prescriptive authority Number" Usage="E" Value="DFN"/>  
      <ValueElement CodeSystem="HL70001" CodeSystemVersion="2.5.1" DisplayName="Driver’s license number" Usage="E" Value="DL"/>  
      <ValueElement CodeSystem="HL70001" CodeSystemVersion="2.5.1" DisplayName="Doctor number" Usage="E" Value="DN"/>  
      <ValueElement CodeSystem="HL70001" CodeSystemVersion="2.5.1" DisplayName="Osteopathic License number" Usage="E" Value="DO"/>  
      <ValueElement CodeSystem="HL70001" CodeSystemVersion="2.5.1" DisplayName="Diplomatic Passport" Usage="E" Value="DP"/>  
      <ValueElement CodeSystem="HL70001" CodeSystemVersion="2.5.1" DisplayName="Podiatrist license number" Usage="E" Value="DPM"/>  
      <ValueElement CodeSystem="HL70001" CodeSystemVersion="2.5.1" DisplayName="Donor Registration Number" Usage="E" Value="DR"/>  
      <ValueElement CodeSystem="HL70001" CodeSystemVersion="2.5.1" DisplayName="Discover Card" Usage="E" Value="DS"/>  
      <ValueElement CodeSystem="HL70001" CodeSystemVersion="2.5.1" DisplayName="Employee number" Usage="E" Value="EI"/>  
      <ValueElement CodeSystem="HL70001" CodeSystemVersion="2.5.1" DisplayName="Employer number" Usage="E" Value="EN"/>  
      <ValueElement CodeSystem="HL70001" CodeSystemVersion="2.5.1" DisplayName="Staff Enterprise Number" Usage="E" Value="ESN"/>  
      <ValueElement CodeSystem="HL70001" CodeSystemVersion="2.5.1" DisplayName="Facility ID" Usage="P" Value="FI"/>  
      <ValueElement CodeSystem="HL70001" CodeSystemVersion="2.5.1" DisplayName="Guarantor internal identifier" Usage="E" Value="GI"/>  
      <ValueElement CodeSystem="HL70001" CodeSystemVersion="2.5.1" DisplayName="General ledger number" Usage="E" Value="GL"/>  
      <ValueElement CodeSystem="HL70001" CodeSystemVersion="2.5.1" DisplayName="Guarantor external  identifier" Usage="E" Value="GN"/>  
      <ValueElement CodeSystem="HL70001" CodeSystemVersion="2.5.1" DisplayName="Health Card Number" Usage="E" Value="HC"/>  
      <ValueElement CodeSystem="HL70001" CodeSystemVersion="2.5.1" DisplayName="Jurisdictional health number (Canada)" Usage="E" Value="JHN"/>  
      <ValueElement CodeSystem="HL70001" CodeSystemVersion="2.5.1" DisplayName="Indigenous/Aboriginal " Usage="E" Value="IND"/>  
      <ValueElement CodeSystem="HL70001" CodeSystemVersion="2.5.1" DisplayName="Laboratory Accession ID" Usage="E" Value="LACSN"/>  
      <ValueElement CodeSystem="HL70001" CodeSystemVersion="2.5.1" DisplayName="Lifelong physician number" Usage="E" Value="LANR "/>  
      <ValueElement CodeSystem="HL70001" CodeSystemVersion="2.5.1" DisplayName="Labor and industries number" Usage="E" Value="LI"/>  
      <ValueElement CodeSystem="HL70001" CodeSystemVersion="2.5.1" DisplayName="License number" Usage="E" Value="LN"/>  
      <ValueElement CodeSystem="HL70001" CodeSystemVersion="2.5.1" DisplayName="Local Registry ID" Usage="E" Value="LR"/>  
      <ValueElement CodeSystem="HL70001" CodeSystemVersion="2.5.1" DisplayName="Patient Medicaid number" Usage="E" Value="MA"/>  
      <ValueElement CodeSystem="HL70001" CodeSystemVersion="2.5.1" DisplayName="Member Number" Usage="E" Value="MB"/>  
      <ValueElement CodeSystem="HL70001" CodeSystemVersion="2.5.1" DisplayName="Patient's Medicare number" Usage="E" Value="MC"/>  
      <ValueElement CodeSystem="HL70001" CodeSystemVersion="2.5.1" DisplayName="Practitioner Medicaid number" Usage="E" Value="MCD"/>  
      <ValueElement CodeSystem="HL70001" CodeSystemVersion="2.5.1" DisplayName="Microchip Number" Usage="E" Value="MCN"/>  
      <ValueElement CodeSystem="HL70001" CodeSystemVersion="2.5.1" DisplayName="Practitioner Medicare number" Usage="E" Value="MCR"/>  
      <ValueElement CodeSystem="HL70001" CodeSystemVersion="2.5.1" DisplayName="Marriage Certificate" Usage="E" Value="MCT"/>  
      <ValueElement CodeSystem="HL70001" CodeSystemVersion="2.5.1" DisplayName="Medical License number" Usage="E" Value="MD"/>  
      <ValueElement CodeSystem="HL70001" CodeSystemVersion="2.5.1" DisplayName="Military ID number" Usage="E" Value="MI"/>  
      <ValueElement CodeSystem="HL70001" CodeSystemVersion="2.5.1" DisplayName="Medical record number" Usage="E" Value="MR"/>  
      <ValueElement CodeSystem="HL70001" CodeSystemVersion="2.5.1" DisplayName="Temporary Medical Record Number" Usage="E" Value="MRT"/>  
      <ValueElement CodeSystem="HL70001" CodeSystemVersion="2.5.1" DisplayName="MasterCard" Usage="E" Value="MS"/>  
      <ValueElement CodeSystem="HL70001" CodeSystemVersion="2.5.1" DisplayName="Secondary physician office number" Usage="E" Value="NBSNR"/>  
      <ValueElement CodeSystem="HL70001" CodeSystemVersion="2.5.1" DisplayName="Naturalization Certificate" Usage="E" Value="NCT"/>  
      <ValueElement CodeSystem="HL70001" CodeSystemVersion="2.5.1" DisplayName="National employer identifier" Usage="E" Value="NE"/>  
      <ValueElement CodeSystem="HL70001" CodeSystemVersion="2.5.1" DisplayName="National Health Plan Identifier" Usage="E" Value="NH"/>  
      <ValueElement CodeSystem="HL70001" CodeSystemVersion="2.5.1" DisplayName="National unique individual identifier" Usage="E" Value="NI"/>  
      <ValueElement CodeSystem="HL70001" CodeSystemVersion="2.5.1" DisplayName="National Insurance Organization Identifier" Usage="E" Value="NII"/>  
      <ValueElement CodeSystem="HL70001" CodeSystemVersion="2.5.1" DisplayName="National Insurance Payor Identifier (Payor)" Usage="E" Value="NIIP"/>  
      <ValueElement CodeSystem="HL70001" CodeSystemVersion="2.5.1" DisplayName="National Person Identifier where the xxx is the ISO table 3166 3-character (alphabetic) country code" Usage="E" Value="NNxxx"/>  
      <ValueElement CodeSystem="HL70001" CodeSystemVersion="2.5.1" DisplayName="Nurse practitioner number" Usage="E" Value="NP"/>  
      <ValueElement CodeSystem="HL70001" CodeSystemVersion="2.5.1" DisplayName="National provider identifier" Usage="E" Value="NPI"/>  
      <ValueElement CodeSystem="HL70001" CodeSystemVersion="2.5.1" DisplayName="Optometrist license number" Usage="E" Value="OD"/>  
      <ValueElement CodeSystem="HL70001" CodeSystemVersion="2.5.1" DisplayName="Physician Assistant number" Usage="E" Value="PA"/>  
      <ValueElement CodeSystem="HL70001" CodeSystemVersion="2.5.1" DisplayName="Parole Card" Usage="E" Value="PC"/>  
      <ValueElement CodeSystem="HL70001" CodeSystemVersion="2.5.1" DisplayName="Penitentiary/correctional institution Number" Usage="E" Value="PCN"/>  
      <ValueElement CodeSystem="HL70001" CodeSystemVersion="2.5.1" DisplayName="Living Subject Enterprise Number" Usage="E" Value="PE"/>  
      <ValueElement CodeSystem="HL70001" CodeSystemVersion="2.5.1" DisplayName="Pension Number" Usage="E" Value="PEN"/>  
      <ValueElement CodeSystem="HL70001" CodeSystemVersion="2.5.1" DisplayName="Patient internal identifier" Usage="E" Value="PI"/>  
      <ValueElement CodeSystem="HL70001" CodeSystemVersion="2.5.1" DisplayName="Person number" Usage="E" Value="PN"/>  
      <ValueElement CodeSystem="HL70001" CodeSystemVersion="2.5.1" DisplayName="Temporary Living Subject Number" Usage="E" Value="PNT"/>  
      <ValueElement CodeSystem="HL70001" CodeSystemVersion="2.5.1" DisplayName="Medicare/CMS Performing Provider Identification Number" Usage="E" Value="PPIN"/>  
      <ValueElement CodeSystem="HL70001" CodeSystemVersion="2.5.1" DisplayName="Passport number" Usage="E" Value="PPN"/>  
      <ValueElement CodeSystem="HL70001" CodeSystemVersion="2.5.1" DisplayName="Permanent Resident Card Number" Usage="E" Value="PRC"/>  
      <ValueElement CodeSystem="HL70001" CodeSystemVersion="2.5.1" DisplayName="Provider number" Usage="E" Value="PRN"/>  
      <ValueElement CodeSystem="HL70001" CodeSystemVersion="2.5.1" DisplayName="Patient external identifier" Usage="E" Value="PT"/>  
      <ValueElement CodeSystem="HL70001" CodeSystemVersion="2.5.1" DisplayName="QA number" Usage="E" Value="QA"/>  
      <ValueElement CodeSystem="HL70001" CodeSystemVersion="2.5.1" DisplayName="Resource identifier" Usage="E" Value="RI"/>  
      <ValueElement CodeSystem="HL70001" CodeSystemVersion="2.5.1" DisplayName="Pharmacist license number" Usage="E" Value="RPH"/>  
      <ValueElement CodeSystem="HL70001" CodeSystemVersion="2.5.1" DisplayName="Registered Nurse Number" Usage="E" Value="RN"/>  
      <ValueElement CodeSystem="HL70001" CodeSystemVersion="2.5.1" DisplayName="Railroad Retirement number" Usage="E" Value="RR"/>  
      <ValueElement CodeSystem="HL70001" CodeSystemVersion="2.5.1" DisplayName="Regional registry ID" Usage="E" Value="RRI"/>  
      <ValueElement CodeSystem="HL70001" CodeSystemVersion="2.5.1" DisplayName="Railroad Retirement Provider" Usage="E" Value="RRP"/>  
      <ValueElement CodeSystem="HL70001" CodeSystemVersion="2.5.1" DisplayName="Specimen ID" Usage="E" Value="SID"/>  
      <ValueElement CodeSystem="HL70001" CodeSystemVersion="2.5.1" DisplayName="State license" Usage="E" Value="SL"/>  
      <ValueElement CodeSystem="HL70001" CodeSystemVersion="2.5.1" DisplayName="Subscriber Number" Usage="E" Value="SN"/>  
      <ValueElement CodeSystem="HL70001" CodeSystemVersion="2.5.1" DisplayName="Study Permit" Usage="E" Value="SP"/>  
      <ValueElement CodeSystem="HL70001" CodeSystemVersion="2.5.1" DisplayName="State registry ID" Usage="E" Value="SR"/>  
      <ValueElement CodeSystem="HL70001" CodeSystemVersion="2.5.1" DisplayName="Social Security number " Usage="E" Value="SS"/>  
      <ValueElement CodeSystem="HL70001" CodeSystemVersion="2.5.1" DisplayName="Tax ID number" Usage="E" Value="TAX"/>  
      <ValueElement CodeSystem="HL70001" CodeSystemVersion="2.5.1" DisplayName="Treaty Number/ (Canada)" Usage="E" Value="TN"/>  
      <ValueElement CodeSystem="HL70001" CodeSystemVersion="2.5.1" DisplayName="Temporary Permanent Resident (Canada)" Usage="E" Value="TPR"/>  
      <ValueElement CodeSystem="HL70001" CodeSystemVersion="2.5.1" DisplayName="Unspecified identifier" Usage="E" Value="U"/>  
      <ValueElement CodeSystem="HL70001" CodeSystemVersion="2.5.1" DisplayName="Medicare/CMS (formerly HCFA)’s Universal Physician Identification numbers" Usage="E" Value="UPIN"/>  
      <ValueElement CodeSystem="HL70001" CodeSystemVersion="2.5.1" DisplayName="Unique Specimen ID" Usage="E" Value="USID"/>  
      <ValueElement CodeSystem="HL70001" CodeSystemVersion="2.5.1" DisplayName="Visit number" Usage="E" Value="VN"/>  
      <ValueElement CodeSystem="HL70001" CodeSystemVersion="2.5.1" DisplayName="Visitor Permit " Usage="E" Value="VP"/>  
      <ValueElement CodeSystem="HL70001" CodeSystemVersion="2.5.1" DisplayName="VISA" Usage="E" Value="VS"/>  
      <ValueElement CodeSystem="HL70001" CodeSystemVersion="2.5.1" DisplayName="WIC identifier" Usage="E" Value="WC"/>  
      <ValueElement CodeSystem="HL70001" CodeSystemVersion="2.5.1" DisplayName="Workers’ Comp Number" Usage="E" Value="WCN"/>  
      <ValueElement CodeSystem="HL70001" CodeSystemVersion="2.5.1" DisplayName="Work Permit" Usage="E" Value="WP"/>  
      <ValueElement CodeSystem="HL70001" CodeSystemVersion="2.5.1" DisplayName="Organization identifier" Usage="R" Value="XX"/> 
    </ValueSetDefinition>  
    <ValueSetDefinition BindingIdentifier="HL70203_US_IZ.4" ContentDefinition="Extensional" Extensibility="Closed" Name="Identifier Type" Oid="2.16.840.1.113883.12.20.4" Stability="Static"> 
      <ValueElement CodeSystem="HL70001" CodeSystemVersion="2.5.1" DisplayName="Accession ID" Usage="E" Value="ACSN"/>  
      <ValueElement CodeSystem="HL70001" CodeSystemVersion="2.5.1" DisplayName="American Express" Usage="E" Value="AM"/>  
      <ValueElement CodeSystem="HL70001" CodeSystemVersion="2.5.1" DisplayName="American Medical Association Number" Usage="E" Value="AMA"/>  
      <ValueElement CodeSystem="HL70001" CodeSystemVersion="2.5.1" DisplayName="Account number " Usage="E" Value="AN"/>  
      <ValueElement CodeSystem="HL70001" CodeSystemVersion="2.5.1" DisplayName="Anonymous identifier" Usage="E" Value="ANON"/>  
      <ValueElement CodeSystem="HL70001" CodeSystemVersion="2.5.1" DisplayName="Account number Creditor" Usage="E" Value="ANC"/>  
      <ValueElement CodeSystem="HL70001" CodeSystemVersion="2.5.1" DisplayName="Account number debitor" Usage="E" Value="AND"/>  
      <ValueElement CodeSystem="HL70001" CodeSystemVersion="2.5.1" DisplayName="Temporary Account Number" Usage="E" Value="ANT"/>  
      <ValueElement CodeSystem="HL70001" CodeSystemVersion="2.5.1" DisplayName="Advanced Practice Registered Nurse number" Usage="E" Value="APRN"/>  
      <ValueElement CodeSystem="HL70001" CodeSystemVersion="2.5.1" DisplayName="Ancestor Specimen ID" Usage="E" Value="ASID"/>  
      <ValueElement CodeSystem="HL70001" CodeSystemVersion="2.5.1" DisplayName="Bank Account Number" Usage="E" Value="BA"/>  
      <ValueElement CodeSystem="HL70001" CodeSystemVersion="2.5.1" DisplayName="Bank Card Number" Usage="E" Value="BC"/>  
      <ValueElement CodeSystem="HL70001" CodeSystemVersion="2.5.1" DisplayName="Birth Certificate" Usage="E" Value="BCT"/>  
      <ValueElement CodeSystem="HL70001" CodeSystemVersion="2.5.1" DisplayName="Birth registry number" Usage="E" Value="BR"/>  
      <ValueElement CodeSystem="HL70001" CodeSystemVersion="2.5.1" DisplayName="Breed Registry Number" Usage="E" Value="BRN"/>  
      <ValueElement CodeSystem="HL70001" CodeSystemVersion="2.5.1" DisplayName="Primary physician office number" Usage="E" Value="BSNR"/>  
      <ValueElement CodeSystem="HL70001" CodeSystemVersion="2.5.1" DisplayName="Cost Center number" Usage="E" Value="CC"/>  
      <ValueElement CodeSystem="HL70001" CodeSystemVersion="2.5.1" DisplayName="Change of Name Document" Usage="E" Value="CONM"/>  
      <ValueElement CodeSystem="HL70001" CodeSystemVersion="2.5.1" DisplayName="Citizenship Card" Usage="E" Value="CZ"/>  
      <ValueElement CodeSystem="HL70001" CodeSystemVersion="2.5.1" DisplayName="County number" Usage="E" Value="CY"/>  
      <ValueElement CodeSystem="HL70001" CodeSystemVersion="2.5.1" DisplayName="Dentist license number" Usage="E" Value="DDS"/>  
      <ValueElement CodeSystem="HL70001" CodeSystemVersion="2.5.1" DisplayName="Drug Enforcement Administration registration number" Usage="E" Value="DEA"/>  
      <ValueElement CodeSystem="HL70001" CodeSystemVersion="2.5.1" DisplayName="Diner’s Club card" Usage="E" Value="DI"/>  
      <ValueElement CodeSystem="HL70001" CodeSystemVersion="2.5.1" DisplayName="Drug Furnishing or prescriptive authority Number" Usage="E" Value="DFN"/>  
      <ValueElement CodeSystem="HL70001" CodeSystemVersion="2.5.1" DisplayName="Driver’s license number" Usage="E" Value="DL"/>  
      <ValueElement CodeSystem="HL70001" CodeSystemVersion="2.5.1" DisplayName="Doctor number" Usage="E" Value="DN"/>  
      <ValueElement CodeSystem="HL70001" CodeSystemVersion="2.5.1" DisplayName="Osteopathic License number" Usage="E" Value="DO"/>  
      <ValueElement CodeSystem="HL70001" CodeSystemVersion="2.5.1" DisplayName="Diplomatic Passport" Usage="E" Value="DP"/>  
      <ValueElement CodeSystem="HL70001" CodeSystemVersion="2.5.1" DisplayName="Podiatrist license number" Usage="E" Value="DPM"/>  
      <ValueElement CodeSystem="HL70001" CodeSystemVersion="2.5.1" DisplayName="Donor Registration Number" Usage="E" Value="DR"/>  
      <ValueElement CodeSystem="HL70001" CodeSystemVersion="2.5.1" DisplayName="Discover Card" Usage="E" Value="DS"/>  
      <ValueElement CodeSystem="HL70001" CodeSystemVersion="2.5.1" DisplayName="Employee number" Usage="E" Value="EI"/>  
      <ValueElement CodeSystem="HL70001" CodeSystemVersion="2.5.1" DisplayName="Employer number" Usage="E" Value="EN"/>  
      <ValueElement CodeSystem="HL70001" CodeSystemVersion="2.5.1" DisplayName="Staff Enterprise Number" Usage="E" Value="ESN"/>  
      <ValueElement CodeSystem="HL70001" CodeSystemVersion="2.5.1" DisplayName="Facility ID" Usage="P" Value="FI"/>  
      <ValueElement CodeSystem="HL70001" CodeSystemVersion="2.5.1" DisplayName="Guarantor internal identifier" Usage="E" Value="GI"/>  
      <ValueElement CodeSystem="HL70001" CodeSystemVersion="2.5.1" DisplayName="General ledger number" Usage="E" Value="GL"/>  
      <ValueElement CodeSystem="HL70001" CodeSystemVersion="2.5.1" DisplayName="Guarantor external  identifier" Usage="E" Value="GN"/>  
      <ValueElement CodeSystem="HL70001" CodeSystemVersion="2.5.1" DisplayName="Health Card Number" Usage="E" Value="HC"/>  
      <ValueElement CodeSystem="HL70001" CodeSystemVersion="2.5.1" DisplayName="Jurisdictional health number (Canada)" Usage="E" Value="JHN"/>  
      <ValueElement CodeSystem="HL70001" CodeSystemVersion="2.5.1" DisplayName="Indigenous/Aboriginal " Usage="E" Value="IND"/>  
      <ValueElement CodeSystem="HL70001" CodeSystemVersion="2.5.1" DisplayName="Laboratory Accession ID" Usage="E" Value="LACSN"/>  
      <ValueElement CodeSystem="HL70001" CodeSystemVersion="2.5.1" DisplayName="Lifelong physician number" Usage="E" Value="LANR "/>  
      <ValueElement CodeSystem="HL70001" CodeSystemVersion="2.5.1" DisplayName="Labor and industries number" Usage="E" Value="LI"/>  
      <ValueElement CodeSystem="HL70001" CodeSystemVersion="2.5.1" DisplayName="License number" Usage="E" Value="LN"/>  
      <ValueElement CodeSystem="HL70001" CodeSystemVersion="2.5.1" DisplayName="Local Registry ID" Usage="E" Value="LR"/>  
      <ValueElement CodeSystem="HL70001" CodeSystemVersion="2.5.1" DisplayName="Patient Medicaid number" Usage="E" Value="MA"/>  
      <ValueElement CodeSystem="HL70001" CodeSystemVersion="2.5.1" DisplayName="Member Number" Usage="E" Value="MB"/>  
      <ValueElement CodeSystem="HL70001" CodeSystemVersion="2.5.1" DisplayName="Patient's Medicare number" Usage="E" Value="MC"/>  
      <ValueElement CodeSystem="HL70001" CodeSystemVersion="2.5.1" DisplayName="Practitioner Medicaid number" Usage="E" Value="MCD"/>  
      <ValueElement CodeSystem="HL70001" CodeSystemVersion="2.5.1" DisplayName="Microchip Number" Usage="E" Value="MCN"/>  
      <ValueElement CodeSystem="HL70001" CodeSystemVersion="2.5.1" DisplayName="Practitioner Medicare number" Usage="E" Value="MCR"/>  
      <ValueElement CodeSystem="HL70001" CodeSystemVersion="2.5.1" DisplayName="Marriage Certificate" Usage="E" Value="MCT"/>  
      <ValueElement CodeSystem="HL70001" CodeSystemVersion="2.5.1" DisplayName="Medical License number" Usage="E" Value="MD"/>  
      <ValueElement CodeSystem="HL70001" CodeSystemVersion="2.5.1" DisplayName="Military ID number" Usage="E" Value="MI"/>  
      <ValueElement CodeSystem="HL70001" CodeSystemVersion="2.5.1" DisplayName="Medical record number" Usage="E" Value="MR"/>  
      <ValueElement CodeSystem="HL70001" CodeSystemVersion="2.5.1" DisplayName="Temporary Medical Record Number" Usage="E" Value="MRT"/>  
      <ValueElement CodeSystem="HL70001" CodeSystemVersion="2.5.1" DisplayName="MasterCard" Usage="E" Value="MS"/>  
      <ValueElement CodeSystem="HL70001" CodeSystemVersion="2.5.1" DisplayName="Secondary physician office number" Usage="E" Value="NBSNR"/>  
      <ValueElement CodeSystem="HL70001" CodeSystemVersion="2.5.1" DisplayName="Naturalization Certificate" Usage="E" Value="NCT"/>  
      <ValueElement CodeSystem="HL70001" CodeSystemVersion="2.5.1" DisplayName="National employer identifier" Usage="E" Value="NE"/>  
      <ValueElement CodeSystem="HL70001" CodeSystemVersion="2.5.1" DisplayName="National Health Plan Identifier" Usage="E" Value="NH"/>  
      <ValueElement CodeSystem="HL70001" CodeSystemVersion="2.5.1" DisplayName="National unique individual identifier" Usage="E" Value="NI"/>  
      <ValueElement CodeSystem="HL70001" CodeSystemVersion="2.5.1" DisplayName="National Insurance Organization Identifier" Usage="E" Value="NII"/>  
      <ValueElement CodeSystem="HL70001" CodeSystemVersion="2.5.1" DisplayName="National Insurance Payor Identifier (Payor)" Usage="E" Value="NIIP"/>  
      <ValueElement CodeSystem="HL70001" CodeSystemVersion="2.5.1" DisplayName="National Person Identifier where the xxx is the ISO table 3166 3-character (alphabetic) country code" Usage="E" Value="NNxxx"/>  
      <ValueElement CodeSystem="HL70001" CodeSystemVersion="2.5.1" DisplayName="Nurse practitioner number" Usage="E" Value="NP"/>  
      <ValueElement CodeSystem="HL70001" CodeSystemVersion="2.5.1" DisplayName="National provider identifier" Usage="E" Value="NPI"/>  
      <ValueElement CodeSystem="HL70001" CodeSystemVersion="2.5.1" DisplayName="Optometrist license number" Usage="E" Value="OD"/>  
      <ValueElement CodeSystem="HL70001" CodeSystemVersion="2.5.1" DisplayName="Physician Assistant number" Usage="E" Value="PA"/>  
      <ValueElement CodeSystem="HL70001" CodeSystemVersion="2.5.1" DisplayName="Parole Card" Usage="E" Value="PC"/>  
      <ValueElement CodeSystem="HL70001" CodeSystemVersion="2.5.1" DisplayName="Penitentiary/correctional institution Number" Usage="E" Value="PCN"/>  
      <ValueElement CodeSystem="HL70001" CodeSystemVersion="2.5.1" DisplayName="Living Subject Enterprise Number" Usage="E" Value="PE"/>  
      <ValueElement CodeSystem="HL70001" CodeSystemVersion="2.5.1" DisplayName="Pension Number" Usage="E" Value="PEN"/>  
      <ValueElement CodeSystem="HL70001" CodeSystemVersion="2.5.1" DisplayName="Patient internal identifier" Usage="E" Value="PI"/>  
      <ValueElement CodeSystem="HL70001" CodeSystemVersion="2.5.1" DisplayName="Person number" Usage="E" Value="PN"/>  
      <ValueElement CodeSystem="HL70001" CodeSystemVersion="2.5.1" DisplayName="Temporary Living Subject Number" Usage="E" Value="PNT"/>  
      <ValueElement CodeSystem="HL70001" CodeSystemVersion="2.5.1" DisplayName="Medicare/CMS Performing Provider Identification Number" Usage="E" Value="PPIN"/>  
      <ValueElement CodeSystem="HL70001" CodeSystemVersion="2.5.1" DisplayName="Passport number" Usage="E" Value="PPN"/>  
      <ValueElement CodeSystem="HL70001" CodeSystemVersion="2.5.1" DisplayName="Permanent Resident Card Number" Usage="E" Value="PRC"/>  
      <ValueElement CodeSystem="HL70001" CodeSystemVersion="2.5.1" DisplayName="Provider number" Usage="E" Value="PRN"/>  
      <ValueElement CodeSystem="HL70001" CodeSystemVersion="2.5.1" DisplayName="Patient external identifier" Usage="E" Value="PT"/>  
      <ValueElement CodeSystem="HL70001" CodeSystemVersion="2.5.1" DisplayName="QA number" Usage="E" Value="QA"/>  
      <ValueElement CodeSystem="HL70001" CodeSystemVersion="2.5.1" DisplayName="Resource identifier" Usage="E" Value="RI"/>  
      <ValueElement CodeSystem="HL70001" CodeSystemVersion="2.5.1" DisplayName="Pharmacist license number" Usage="E" Value="RPH"/>  
      <ValueElement CodeSystem="HL70001" CodeSystemVersion="2.5.1" DisplayName="Registered Nurse Number" Usage="E" Value="RN"/>  
      <ValueElement CodeSystem="HL70001" CodeSystemVersion="2.5.1" DisplayName="Railroad Retirement number" Usage="E" Value="RR"/>  
      <ValueElement CodeSystem="HL70001" CodeSystemVersion="2.5.1" DisplayName="Regional registry ID" Usage="E" Value="RRI"/>  
      <ValueElement CodeSystem="HL70001" CodeSystemVersion="2.5.1" DisplayName="Railroad Retirement Provider" Usage="E" Value="RRP"/>  
      <ValueElement CodeSystem="HL70001" CodeSystemVersion="2.5.1" DisplayName="Specimen ID" Usage="E" Value="SID"/>  
      <ValueElement CodeSystem="HL70001" CodeSystemVersion="2.5.1" DisplayName="State license" Usage="E" Value="SL"/>  
      <ValueElement CodeSystem="HL70001" CodeSystemVersion="2.5.1" DisplayName="Subscriber Number" Usage="E" Value="SN"/>  
      <ValueElement CodeSystem="HL70001" CodeSystemVersion="2.5.1" DisplayName="Study Permit" Usage="E" Value="SP"/>  
      <ValueElement CodeSystem="HL70001" CodeSystemVersion="2.5.1" DisplayName="State registry ID" Usage="E" Value="SR"/>  
      <ValueElement CodeSystem="HL70001" CodeSystemVersion="2.5.1" DisplayName="Social Security number " Usage="E" Value="SS"/>  
      <ValueElement CodeSystem="HL70001" CodeSystemVersion="2.5.1" DisplayName="Tax ID number" Usage="E" Value="TAX"/>  
      <ValueElement CodeSystem="HL70001" CodeSystemVersion="2.5.1" DisplayName="Treaty Number/ (Canada)" Usage="E" Value="TN"/>  
      <ValueElement CodeSystem="HL70001" CodeSystemVersion="2.5.1" DisplayName="Temporary Permanent Resident (Canada)" Usage="E" Value="TPR"/>  
      <ValueElement CodeSystem="HL70001" CodeSystemVersion="2.5.1" DisplayName="Unspecified identifier" Usage="E" Value="U"/>  
      <ValueElement CodeSystem="HL70001" CodeSystemVersion="2.5.1" DisplayName="Medicare/CMS (formerly HCFA)’s Universal Physician Identification numbers" Usage="E" Value="UPIN"/>  
      <ValueElement CodeSystem="HL70001" CodeSystemVersion="2.5.1" DisplayName="Unique Specimen ID" Usage="E" Value="USID"/>  
      <ValueElement CodeSystem="HL70001" CodeSystemVersion="2.5.1" DisplayName="Visit number" Usage="E" Value="VN"/>  
      <ValueElement CodeSystem="HL70001" CodeSystemVersion="2.5.1" DisplayName="Visitor Permit " Usage="E" Value="VP"/>  
      <ValueElement CodeSystem="HL70001" CodeSystemVersion="2.5.1" DisplayName="VISA" Usage="E" Value="VS"/>  
      <ValueElement CodeSystem="HL70001" CodeSystemVersion="2.5.1" DisplayName="WIC identifier" Usage="E" Value="WC"/>  
      <ValueElement CodeSystem="HL70001" CodeSystemVersion="2.5.1" DisplayName="Workers’ Comp Number" Usage="E" Value="WCN"/>  
      <ValueElement CodeSystem="HL70001" CodeSystemVersion="2.5.1" DisplayName="Work Permit" Usage="E" Value="WP"/>  
      <ValueElement CodeSystem="HL70001" CodeSystemVersion="2.5.1" DisplayName="Organization identifier" Usage="R" Value="XX"/> 
    </ValueSetDefinition>  
    <ValueSetDefinition BindingIdentifier="CVX_US_IZ.4" ContentDefinition="Extensional" Extensibility="Closed" Name="Vaccine Code" Oid="2.16.840.1.113883.12.XX.4" Stability="Dynamic"> 
      <ValueElement CodeSystem="CVX" CodeSystemVersion="X.X" DisplayName="no vaccine administered" Usage="P" Value="998"/>  
      <ValueElement CodeSystem="CVX" CodeSystemVersion="X.X" DisplayName="RESERVED - do not use" Usage="E" Value="99"/>  
      <ValueElement CodeSystem="CVX" CodeSystemVersion="X.X" DisplayName="unknown vaccine or immune globulin" Usage="P" Value="999"/>  
      <ValueElement CodeSystem="CVX" CodeSystemVersion="X.X" DisplayName="Adenovirus, type 4 and type 7, live, oral" Usage="P" Value="143"/>  
      <ValueElement CodeSystem="CVX" CodeSystemVersion="X.X" DisplayName="adenovirus vaccine, type 4, live, oral" Usage="P" Value="54"/>  
      <ValueElement CodeSystem="CVX" CodeSystemVersion="X.X" DisplayName="adenovirus vaccine, type 7, live, oral" Usage="P" Value="55"/>  
      <ValueElement CodeSystem="CVX" CodeSystemVersion="X.X" DisplayName="adenovirus vaccine, unspecified formulation" Usage="R" Value="82"/>  
      <ValueElement CodeSystem="CVX" CodeSystemVersion="X.X" DisplayName="anthrax vaccine" Usage="R" Value="24"/>  
      <ValueElement CodeSystem="CVX" CodeSystemVersion="X.X" DisplayName="AS03 Adjuvant" Usage="P" Value="801"/>  
      <ValueElement CodeSystem="CVX" CodeSystemVersion="X.X" DisplayName="Bacillus Calmette-Guerin vaccine" Usage="R" Value="19"/>  
      <ValueElement CodeSystem="CVX" CodeSystemVersion="X.X" DisplayName="botulinum antitoxin" Usage="P" Value="27"/>  
      <ValueElement CodeSystem="CVX" CodeSystemVersion="X.X" DisplayName="cholera vaccine" Usage="R" Value="26"/>  
      <ValueElement CodeSystem="CVX" CodeSystemVersion="X.X" DisplayName="cytomegalovirus immune globulin, intravenous" Usage="E" Value="29"/>  
      <ValueElement CodeSystem="CVX" CodeSystemVersion="X.X" DisplayName="dengue fever vaccine" Usage="E" Value="56"/>  
      <ValueElement CodeSystem="CVX" CodeSystemVersion="X.X" DisplayName="diphtheria antitoxin" Usage="P" Value="12"/>  
      <ValueElement CodeSystem="CVX" CodeSystemVersion="X.X" DisplayName="diphtheria and tetanus toxoids, adsorbed for pediatric use" Usage="P" Value="28"/>  
      <ValueElement CodeSystem="CVX" CodeSystemVersion="X.X" DisplayName="diphtheria, tetanus toxoids and acellular pertussis vaccine" Usage="P" Value="20"/>  
      <ValueElement CodeSystem="CVX" CodeSystemVersion="X.X" DisplayName="diphtheria, tetanus toxoids and acellular pertussis vaccine, 5 pertussis antigens" Usage="P" Value="106"/>  
      <ValueElement CodeSystem="CVX" CodeSystemVersion="X.X" DisplayName="diphtheria, tetanus toxoids and acellular pertussis vaccine, unspecified formulation" Usage="R" Value="107"/>  
      <ValueElement CodeSystem="CVX" CodeSystemVersion="X.X" DisplayName="Diphtheria and Tetanus Toxoids and Acellular Pertussis Adsorbed, Inactivated Poliovirus, Haemophilus b Conjugate (Meningococcal Outer Membrane Protein Complex), and Hepatitis B (Recombinant) Vaccine." Usage="P" Value="146"/>  
      <ValueElement CodeSystem="CVX" CodeSystemVersion="X.X" DisplayName="DTP- Haemophilus influenzae type b conjugate and hepatitis b vaccine" Usage="P" Value="102"/>  
      <ValueElement CodeSystem="CVX" CodeSystemVersion="X.X" DisplayName="DTaP-hepatitis B and poliovirus vaccine" Usage="P" Value="110"/>  
      <ValueElement CodeSystem="CVX" CodeSystemVersion="X.X" DisplayName="DTaP-Haemophilus influenzae type b conjugate vaccine" Usage="P" Value="50"/>  
      <ValueElement CodeSystem="CVX" CodeSystemVersion="X.X" DisplayName="diphtheria, tetanus toxoids and acellular pertussis vaccine, Haemophilus influenzae type b conjugate, and poliovirus vaccine, inactivated (DTaP-Hib-IPV)" Usage="P" Value="120"/>  
      <ValueElement CodeSystem="CVX" CodeSystemVersion="X.X" DisplayName="Diphtheria, tetanus toxoids and acellular pertussis vaccine, and poliovirus vaccine, inactivated" Usage="P" Value="130"/>  
      <ValueElement CodeSystem="CVX" CodeSystemVersion="X.X" DisplayName="Historical record of vaccine containing
    * diphtheria, tetanus toxoids and acellular pertussis,
    * poliovirus, inactivated,
    * Haemophilus influenzae type b conjugate,
    * Hepatitis B (DTaP-Hib-IPV)" Usage="P" Value="132"/>  
      <ValueElement CodeSystem="CVX" CodeSystemVersion="X.X" DisplayName="diphtheria, tetanus toxoids and pertussis vaccine" Usage="P" Value="01"/>  
      <ValueElement CodeSystem="CVX" CodeSystemVersion="X.X" DisplayName="DTP-Haemophilus influenzae type b conjugate vaccine" Usage="P" Value="22"/>  
      <ValueElement CodeSystem="CVX" CodeSystemVersion="X.X" DisplayName="hantavirus vaccine" Usage="E" Value="57"/>  
      <ValueElement CodeSystem="CVX" CodeSystemVersion="X.X" DisplayName="hepatitis B immune globulin" Usage="E" Value="30"/>  
      <ValueElement CodeSystem="CVX" CodeSystemVersion="X.X" DisplayName="hepatitis A vaccine, adult dosage" Usage="P" Value="52"/>  
      <ValueElement CodeSystem="CVX" CodeSystemVersion="X.X" DisplayName="Hepatitis A immune globulin" Usage="E" Value="154"/>  
      <ValueElement CodeSystem="CVX" CodeSystemVersion="X.X" DisplayName="hepatitis A vaccine, pediatric/adolescent dosage, 2 dose schedule" Usage="P" Value="83"/>  
      <ValueElement CodeSystem="CVX" CodeSystemVersion="X.X" DisplayName="hepatitis A vaccine, pediatric/adolescent dosage, 3 dose schedule" Usage="P" Value="84"/>  
      <ValueElement CodeSystem="CVX" CodeSystemVersion="X.X" DisplayName="hepatitis A vaccine, pediatric dosage, unspecified formulation" Usage="E" Value="31"/>  
      <ValueElement CodeSystem="CVX" CodeSystemVersion="X.X" DisplayName="hepatitis A vaccine, unspecified formulation" Usage="R" Value="85"/>  
      <ValueElement CodeSystem="CVX" CodeSystemVersion="X.X" DisplayName="hepatitis A and hepatitis B vaccine" Usage="P" Value="104"/>  
      <ValueElement CodeSystem="CVX" CodeSystemVersion="X.X" DisplayName="hepatitis B vaccine, pediatric or pediatric/adolescent dosage" Usage="P" Value="08"/>  
      <ValueElement CodeSystem="CVX" CodeSystemVersion="X.X" DisplayName="hepatitis B vaccine, adolescent/high risk infant dosage" Usage="P" Value="42"/>  
      <ValueElement CodeSystem="CVX" CodeSystemVersion="X.X" DisplayName="hepatitis B vaccine, adult dosage" Usage="P" Value="43"/>  
      <ValueElement CodeSystem="CVX" CodeSystemVersion="X.X" DisplayName="hepatitis B vaccine, dialysis patient dosage" Usage="P" Value="44"/>  
      <ValueElement CodeSystem="CVX" CodeSystemVersion="X.X" DisplayName="hepatitis B vaccine, unspecified formulation" Usage="R" Value="45"/>  
      <ValueElement CodeSystem="CVX" CodeSystemVersion="X.X" DisplayName="hepatitis C vaccine" Usage="E" Value="58"/>  
      <ValueElement CodeSystem="CVX" CodeSystemVersion="X.X" DisplayName="hepatitis E vaccine" Usage="E" Value="59"/>  
      <ValueElement CodeSystem="CVX" CodeSystemVersion="X.X" DisplayName="herpes simplex virus, type 2 vaccine" Usage="E" Value="60"/>  
      <ValueElement CodeSystem="CVX" CodeSystemVersion="X.X" DisplayName="Haemophilus influenzae type b vaccine, HbOC conjugate" Usage="P" Value="47"/>  
      <ValueElement CodeSystem="CVX" CodeSystemVersion="X.X" DisplayName="Haemophilus influenzae type b vaccine, PRP-D conjugate" Usage="P" Value="46"/>  
      <ValueElement CodeSystem="CVX" CodeSystemVersion="X.X" DisplayName="Haemophilus influenzae type b vaccine, PRP-OMP conjugate" Usage="P" Value="49"/>  
      <ValueElement CodeSystem="CVX" CodeSystemVersion="X.X" DisplayName="Haemophilus influenzae type b vaccine, PRP-T conjugate" Usage="P" Value="48"/>  
      <ValueElement CodeSystem="CVX" CodeSystemVersion="X.X" DisplayName="Haemophilus influenzae type b vaccine, conjugate unspecified formulation" Usage="R" Value="17"/>  
      <ValueElement CodeSystem="CVX" CodeSystemVersion="X.X" DisplayName="Haemophilus influenzae type b conjugate and Hepatitis B vaccine" Usage="P" Value="51"/>  
      <ValueElement CodeSystem="CVX" CodeSystemVersion="X.X" DisplayName="human immunodeficiency virus vaccine" Usage="E" Value="61"/>  
      <ValueElement CodeSystem="CVX" CodeSystemVersion="X.X" DisplayName="human papilloma virus vaccine, bivalent" Usage="P" Value="118"/>  
      <ValueElement CodeSystem="CVX" CodeSystemVersion="X.X" DisplayName="human papilloma virus vaccine, quadrivalent" Usage="P" Value="62"/>  
      <ValueElement CodeSystem="CVX" CodeSystemVersion="X.X" DisplayName="HPV, unspecified formulation" Usage="R" Value="137"/>  
      <ValueElement CodeSystem="CVX" CodeSystemVersion="X.X" DisplayName="Human Papillomavirus 9-valent vaccine" Usage="P" Value="165"/>  
      <ValueElement CodeSystem="CVX" CodeSystemVersion="X.X" DisplayName="immune globulin, intramuscular" Usage="E" Value="86"/>  
      <ValueElement CodeSystem="CVX" CodeSystemVersion="X.X" DisplayName="immune globulin, unspecified formulation" Usage="E" Value="14"/>  
      <ValueElement CodeSystem="CVX" CodeSystemVersion="X.X" DisplayName="immune globulin, intravenous" Usage="E" Value="87"/>  
      <ValueElement CodeSystem="CVX" CodeSystemVersion="X.X" DisplayName="Influenza A monovalent (H5N1), adjuvanted, National stockpile 2013" Usage="P" Value="160"/>  
      <ValueElement CodeSystem="CVX" CodeSystemVersion="X.X" DisplayName="influenza nasal, unspecified formulation" Usage="P" Value="151"/>  
      <ValueElement CodeSystem="CVX" CodeSystemVersion="X.X" DisplayName="influenza virus vaccine, H5N1, A/Vietnam/1203/2004 (national stockpile)" Usage="R" Value="123"/>  
      <ValueElement CodeSystem="CVX" CodeSystemVersion="X.X" DisplayName="influenza, high dose seasonal, preservative-free" Usage="P" Value="135"/>  
      <ValueElement CodeSystem="CVX" CodeSystemVersion="X.X" DisplayName="Influenza, injectable, Madin Darby Canine Kidney, preservative free" Usage="P" Value="153"/>  
      <ValueElement CodeSystem="CVX" CodeSystemVersion="X.X" DisplayName="influenza, injectable, quadrivalent, contains preservative" Usage="P" Value="158"/>  
      <ValueElement CodeSystem="CVX" CodeSystemVersion="X.X" DisplayName="Influenza, injectable, quadrivalent, preservative free" Usage="P" Value="150"/>  
      <ValueElement CodeSystem="CVX" CodeSystemVersion="X.X" DisplayName="Influenza, injectable,quadrivalent, preservative free, pediatric" Usage="P" Value="161"/>  
      <ValueElement CodeSystem="CVX" CodeSystemVersion="X.X" DisplayName="influenza, intradermal, quadrivalent, preservative free, injectable" Usage="P" Value="166"/>  
      <ValueElement CodeSystem="CVX" CodeSystemVersion="X.X" DisplayName="influenza virus vaccine, live, attenuated, for intranasal use" Usage="P" Value="111"/>  
      <ValueElement CodeSystem="CVX" CodeSystemVersion="X.X" DisplayName="influenza, live, intranasal, quadrivalent" Usage="P" Value="149"/>  
      <ValueElement CodeSystem="CVX" CodeSystemVersion="X.X" DisplayName="Seasonal, trivalent, recombinant, injectable influenza vaccine, preservative free" Usage="P" Value="155"/>  
      <ValueElement CodeSystem="CVX" CodeSystemVersion="X.X" DisplayName="Influenza, seasonal, injectable" Usage="P" Value="141"/>  
      <ValueElement CodeSystem="CVX" CodeSystemVersion="X.X" DisplayName="Influenza, seasonal, injectable, preservative free" Usage="P" Value="140"/>  
      <ValueElement CodeSystem="CVX" CodeSystemVersion="X.X" DisplayName="seasonal influenza, intradermal, preservative free" Usage="P" Value="144"/>  
      <ValueElement CodeSystem="CVX" CodeSystemVersion="X.X" DisplayName="influenza virus vaccine, split virus (incl. purified surface antigen)-retired CODE" Usage="P" Value="15"/>  
      <ValueElement CodeSystem="CVX" CodeSystemVersion="X.X" DisplayName="influenza virus vaccine, unspecified formulation" Usage="R" Value="88"/>  
      <ValueElement CodeSystem="CVX" CodeSystemVersion="X.X" DisplayName="influenza virus vaccine, whole virus" Usage="P" Value="16"/>  
      <ValueElement CodeSystem="CVX" CodeSystemVersion="X.X" DisplayName="poliovirus vaccine, inactivated" Usage="P" Value="10"/>  
      <ValueElement CodeSystem="CVX" CodeSystemVersion="X.X" DisplayName="Japanese Encephalitis vaccine for intramuscular administration" Usage="P" Value="134"/>  
      <ValueElement CodeSystem="CVX" CodeSystemVersion="X.X" DisplayName="Japanese Encephalitis Vaccine SC" Usage="P" Value="39"/>  
      <ValueElement CodeSystem="CVX" CodeSystemVersion="X.X" DisplayName="Japanese Encephalitis vaccine, unspecified formulation" Usage="R" Value="129"/>  
      <ValueElement CodeSystem="CVX" CodeSystemVersion="X.X" DisplayName="Junin virus vaccine" Usage="E" Value="63"/>  
      <ValueElement CodeSystem="CVX" CodeSystemVersion="X.X" DisplayName="leishmaniasis vaccine" Usage="E" Value="64"/>  
      <ValueElement CodeSystem="CVX" CodeSystemVersion="X.X" DisplayName="leprosy vaccine" Usage="E" Value="65"/>  
      <ValueElement CodeSystem="CVX" CodeSystemVersion="X.X" DisplayName="Lyme disease vaccine" Usage="R" Value="66"/>  
      <ValueElement CodeSystem="CVX" CodeSystemVersion="X.X" DisplayName="measles and rubella virus vaccine" Usage="P" Value="04"/>  
      <ValueElement CodeSystem="CVX" CodeSystemVersion="X.X" DisplayName="malaria vaccine" Usage="E" Value="67"/>  
      <ValueElement CodeSystem="CVX" CodeSystemVersion="X.X" DisplayName="measles virus vaccine" Usage="P" Value="05"/>  
      <ValueElement CodeSystem="CVX" CodeSystemVersion="X.X" DisplayName="melanoma vaccine" Usage="E" Value="68"/>  
      <ValueElement CodeSystem="CVX" CodeSystemVersion="X.X" DisplayName="meningococcal B vaccine, recombinant, OMV, adjuvanted" Usage="P" Value="163"/>  
      <ValueElement CodeSystem="CVX" CodeSystemVersion="X.X" DisplayName="meningococcal B vaccine, fully recombinant" Usage="P" Value="162"/>  
      <ValueElement CodeSystem="CVX" CodeSystemVersion="X.X" DisplayName="meningococcal B, unspecified formulation" Usage="R" Value="164"/>  
      <ValueElement CodeSystem="CVX" CodeSystemVersion="X.X" DisplayName="meningococcal C conjugate vaccine" Usage="P" Value="103"/>  
      <ValueElement CodeSystem="CVX" CodeSystemVersion="X.X" DisplayName="Meningococcal Groups C and Y and Haemophilus b Tetanus Toxoid Conjugate Vaccine" Usage="P" Value="148"/>  
      <ValueElement CodeSystem="CVX" CodeSystemVersion="X.X" DisplayName="Meningococcal, MCV4, unspecified formulation(groups A, C, Y and W-135)" Usage="P" Value="147"/>  
      <ValueElement CodeSystem="CVX" CodeSystemVersion="X.X" DisplayName="meningococcal oligosaccharide (groups A, C, Y and W-135) diphtheria toxoid conjugate vaccine (MCV4O)" Usage="P" Value="136"/>  
      <ValueElement CodeSystem="CVX" CodeSystemVersion="X.X" DisplayName="meningococcal polysaccharide (groups A, C, Y and W-135) diphtheria toxoid conjugate vaccine (MCV4P)" Usage="P" Value="114"/>  
      <ValueElement CodeSystem="CVX" CodeSystemVersion="X.X" DisplayName="meningococcal polysaccharide vaccine (MPSV4)" Usage="P" Value="32"/>  
      <ValueElement CodeSystem="CVX" CodeSystemVersion="X.X" DisplayName="meningococcal vaccine, unspecified formulation" Usage="R" Value="108"/>  
      <ValueElement CodeSystem="CVX" CodeSystemVersion="X.X" DisplayName="measles, mumps and rubella virus vaccine" Usage="R" Value="03"/>  
      <ValueElement CodeSystem="CVX" CodeSystemVersion="X.X" DisplayName="measles, mumps, rubella, and varicella virus vaccine" Usage="P" Value="94"/>  
      <ValueElement CodeSystem="CVX" CodeSystemVersion="X.X" DisplayName="mumps virus vaccine" Usage="P" Value="07"/>  
      <ValueElement CodeSystem="CVX" CodeSystemVersion="X.X" DisplayName="Novel influenza-H1N1-09, injectable" Usage="P" Value="127"/>  
      <ValueElement CodeSystem="CVX" CodeSystemVersion="X.X" DisplayName="Novel influenza-H1N1-09, all formulations" Usage="R" Value="128"/>  
      <ValueElement CodeSystem="CVX" CodeSystemVersion="X.X" DisplayName="Novel Influenza-H1N1-09, live virus for nasal administration" Usage="P" Value="125"/>  
      <ValueElement CodeSystem="CVX" CodeSystemVersion="X.X" DisplayName="Novel influenza-H1N1-09, preservative-free, injectable" Usage="P" Value="126"/>  
      <ValueElement CodeSystem="CVX" CodeSystemVersion="X.X" DisplayName="poliovirus vaccine, live, oral" Usage="P" Value="02"/>  
      <ValueElement CodeSystem="CVX" CodeSystemVersion="X.X" DisplayName="parainfluenza-3 virus vaccine" Usage="P" Value="69"/>  
      <ValueElement CodeSystem="CVX" CodeSystemVersion="X.X" DisplayName="pertussis vaccine" Usage="P" Value="11"/>  
      <ValueElement CodeSystem="CVX" CodeSystemVersion="X.X" DisplayName="plague vaccine" Usage="R" Value="23"/>  
      <ValueElement CodeSystem="CVX" CodeSystemVersion="X.X" DisplayName="pneumococcal conjugate vaccine, 13 valent" Usage="P" Value="133"/>  
      <ValueElement CodeSystem="CVX" CodeSystemVersion="X.X" DisplayName="pneumococcal conjugate vaccine, 7 valent" Usage="P" Value="100"/>  
      <ValueElement CodeSystem="CVX" CodeSystemVersion="X.X" DisplayName="Pneumococcal Conjugate, unspecified formulation" Usage="R" Value="152"/>  
      <ValueElement CodeSystem="CVX" CodeSystemVersion="X.X" DisplayName="pneumococcal polysaccharide vaccine, 23 valent" Usage="R" Value="33"/>  
      <ValueElement CodeSystem="CVX" CodeSystemVersion="X.X" DisplayName="pneumococcal vaccine, unspecified formulation" Usage="P" Value="109"/>  
      <ValueElement CodeSystem="CVX" CodeSystemVersion="X.X" DisplayName="poliovirus vaccine, unspecified formulation" Usage="R" Value="89"/>  
      <ValueElement CodeSystem="CVX" CodeSystemVersion="X.X" DisplayName="Q fever vaccine" Usage="P" Value="70"/>  
      <ValueElement CodeSystem="CVX" CodeSystemVersion="X.X" DisplayName="rabies vaccine, for intradermal injection" Usage="P" Value="40"/>  
      <ValueElement CodeSystem="CVX" CodeSystemVersion="X.X" DisplayName="rabies vaccine, for intramuscular injection" Usage="P" Value="18"/>  
      <ValueElement CodeSystem="CVX" CodeSystemVersion="X.X" DisplayName="rabies vaccine, unspecified formulation" Usage="R" Value="90"/>  
      <ValueElement CodeSystem="CVX" CodeSystemVersion="X.X" DisplayName="rheumatic fever vaccine" Usage="E" Value="72"/>  
      <ValueElement CodeSystem="CVX" CodeSystemVersion="X.X" DisplayName="Rho(D) Unspecified formulation" Usage="E" Value="159"/>  
      <ValueElement CodeSystem="CVX" CodeSystemVersion="X.X" DisplayName="Rho(D) Immune globulin - IM" Usage="E" Value="157"/>  
      <ValueElement CodeSystem="CVX" CodeSystemVersion="X.X" DisplayName="Rho(D) Immune globulin- IV or IM" Usage="E" Value="156"/>  
      <ValueElement CodeSystem="CVX" CodeSystemVersion="X.X" DisplayName="Rift Valley fever vaccine" Usage="E" Value="73"/>  
      <ValueElement CodeSystem="CVX" CodeSystemVersion="X.X" DisplayName="rabies immune globulin" Usage="E" Value="34"/>  
      <ValueElement CodeSystem="CVX" CodeSystemVersion="X.X" DisplayName="rotavirus, live, monovalent vaccine" Usage="P" Value="119"/>  
      <ValueElement CodeSystem="CVX" CodeSystemVersion="X.X" DisplayName="rotavirus, live, pentavalent vaccine" Usage="P" Value="116"/>  
      <ValueElement CodeSystem="CVX" CodeSystemVersion="X.X" DisplayName="rotavirus, live, tetravalent vaccine" Usage="P" Value="74"/>  
      <ValueElement CodeSystem="CVX" CodeSystemVersion="X.X" DisplayName="rotavirus vaccine, unspecified formulation" Usage="R" Value="122"/>  
      <ValueElement CodeSystem="CVX" CodeSystemVersion="X.X" DisplayName="respiratory syncytial virus immune globulin, intravenous" Usage="E" Value="71"/>  
      <ValueElement CodeSystem="CVX" CodeSystemVersion="X.X" DisplayName="respiratory syncytial virus monoclonal antibody (palivizumab), intramuscular" Usage="P" Value="93"/>  
      <ValueElement CodeSystem="CVX" CodeSystemVersion="X.X" DisplayName="respiratory syncytial virus monoclonal antibody (motavizumab), intramuscular" Usage="P" Value="145"/>  
      <ValueElement CodeSystem="CVX" CodeSystemVersion="X.X" DisplayName="rubella virus vaccine" Usage="P" Value="06"/>  
      <ValueElement CodeSystem="CVX" CodeSystemVersion="X.X" DisplayName="rubella and mumps virus vaccine" Usage="P" Value="38"/>  
      <ValueElement CodeSystem="CVX" CodeSystemVersion="X.X" DisplayName="Staphylococcus bacteriophage lysate" Usage="P" Value="76"/>  
      <ValueElement CodeSystem="CVX" CodeSystemVersion="X.X" DisplayName="tetanus and diphtheria toxoids, not adsorbed, for adult use" Usage="P" Value="138"/>  
      <ValueElement CodeSystem="CVX" CodeSystemVersion="X.X" DisplayName="tetanus and diphtheria toxoids, adsorbed, preservative free, for adult use" Usage="P" Value="113"/>  
      <ValueElement CodeSystem="CVX" CodeSystemVersion="X.X" DisplayName="tetanus and diphtheria toxoids, adsorbed, for adult use" Usage="P" Value="09"/>  
      <ValueElement CodeSystem="CVX" CodeSystemVersion="X.X" DisplayName="Td(adult) unspecified formulation" Usage="R" Value="139"/>  
      <ValueElement CodeSystem="CVX" CodeSystemVersion="X.X" DisplayName="tetanus toxoid, reduced diphtheria toxoid, and acellular pertussis vaccine, adsorbed" Usage="P" Value="115"/>  
      <ValueElement CodeSystem="CVX" CodeSystemVersion="X.X" DisplayName="tetanus toxoid, adsorbed" Usage="P" Value="35"/>  
      <ValueElement CodeSystem="CVX" CodeSystemVersion="X.X" DisplayName="tetanus toxoid, not adsorbed" Usage="P" Value="142"/>  
      <ValueElement CodeSystem="CVX" CodeSystemVersion="X.X" DisplayName="tetanus toxoid, unspecified formulation" Usage="P" Value="112"/>  
      <ValueElement CodeSystem="CVX" CodeSystemVersion="X.X" DisplayName="tick-borne encephalitis vaccine" Usage="P" Value="77"/>  
      <ValueElement CodeSystem="CVX" CodeSystemVersion="X.X" DisplayName="tetanus immune globulin" Usage="E" Value="13"/>  
      <ValueElement CodeSystem="CVX" CodeSystemVersion="X.X" DisplayName="tuberculin skin test; unspecified formulation" Usage="E" Value="98"/>  
      <ValueElement CodeSystem="CVX" CodeSystemVersion="X.X" DisplayName="tuberculin skin test; old tuberculin, multipuncture device" Usage="E" Value="95"/>  
      <ValueElement CodeSystem="CVX" CodeSystemVersion="X.X" DisplayName="tuberculin skin test; purified protein derivative solution, intradermal" Usage="E" Value="96"/>  
      <ValueElement CodeSystem="CVX" CodeSystemVersion="X.X" DisplayName="tuberculin skin test; purified protein derivative, multipuncture device" Usage="E" Value="97"/>  
      <ValueElement CodeSystem="CVX" CodeSystemVersion="X.X" DisplayName="tularemia vaccine" Usage="P" Value="78"/>  
      <ValueElement CodeSystem="CVX" CodeSystemVersion="X.X" DisplayName="typhoid vaccine, live, oral" Usage="P" Value="25"/>  
      <ValueElement CodeSystem="CVX" CodeSystemVersion="X.X" DisplayName="typhoid vaccine, parenteral, other than acetone-killed, dried" Usage="P" Value="41"/>  
      <ValueElement CodeSystem="CVX" CodeSystemVersion="X.X" DisplayName="typhoid vaccine, parenteral, acetone-killed, dried (U.S. military)" Usage="P" Value="53"/>  
      <ValueElement CodeSystem="CVX" CodeSystemVersion="X.X" DisplayName="typhoid vaccine, unspecified formulation" Usage="R" Value="91"/>  
      <ValueElement CodeSystem="CVX" CodeSystemVersion="X.X" DisplayName="typhoid Vi capsular polysaccharide vaccine" Usage="P" Value="101"/>  
      <ValueElement CodeSystem="CVX" CodeSystemVersion="X.X" DisplayName="Historical record of a typhus vaccination" Usage="P" Value="131"/>  
      <ValueElement CodeSystem="CVX" CodeSystemVersion="X.X" DisplayName="vaccinia (smallpox) vaccine" Usage="R" Value="75"/>  
      <ValueElement CodeSystem="CVX" CodeSystemVersion="X.X" DisplayName="vaccinia (smallpox) vaccine, diluted" Usage="P" Value="105"/>  
      <ValueElement CodeSystem="CVX" CodeSystemVersion="X.X" DisplayName="vaccinia immune globulin" Usage="E" Value="79"/>  
      <ValueElement CodeSystem="CVX" CodeSystemVersion="X.X" DisplayName="varicella virus vaccine" Usage="R" Value="21"/>  
      <ValueElement CodeSystem="CVX" CodeSystemVersion="X.X" DisplayName="Venezuelan equine encephalitis, inactivated" Usage="P" Value="81"/>  
      <ValueElement CodeSystem="CVX" CodeSystemVersion="X.X" DisplayName="Venezuelan equine encephalitis, live, attenuated" Usage="P" Value="80"/>  
      <ValueElement CodeSystem="CVX" CodeSystemVersion="X.X" DisplayName="Venezuelan equine encephalitis vaccine, unspecified formulation" Usage="R" Value="92"/>  
      <ValueElement CodeSystem="CVX" CodeSystemVersion="X.X" DisplayName="varicella zoster immune globulin" Usage="E" Value="36"/>  
      <ValueElement CodeSystem="CVX" CodeSystemVersion="X.X" DisplayName="varicella zoster immune globulin (Investigational New Drug)" Usage="E" Value="117"/>  
      <ValueElement CodeSystem="CVX" CodeSystemVersion="X.X" DisplayName="yellow fever vaccine" Usage="R" Value="37"/>  
      <ValueElement CodeSystem="CVX" CodeSystemVersion="X.X" DisplayName="zoster vaccine, live" Usage="R" Value="121"/> 
    </ValueSetDefinition> 
  </ValueSetDefinitions> 
</ValueSetLibrary>
