<?xml version="1.0" encoding="UTF-8"?>
<ConformanceContext UUID="4796a6c8-ae36-454a-a8a1-64d535960f3b" xsi:noNamespaceSchemaLocation="../Schema/ConformanceContext.xsd" xmlns:xsi="http://www.w3.org/2001/XMLSchema-instance">
    <MetaData>
        <Description>Conformance context for RSP_K11, Version: 20150918-1</Description>
    </MetaData>
    <Predicates>
        <Datatype>
			<ByID ID="XCN_IZ_ST">
				<Predicate ID="[XCN_IZ]1[1]" Target="1[1]" TrueUsage="R" FalseUsage="RE">
					<Description>If XCN.2.1 (Surname) and  XCN.3 (Given Name) are not valued.</Description>
					<Condition>
						<AND>
							<NOT>
								<Presence Path="2[1].1[1]"/>
							</NOT>
							<NOT>
								<Presence Path="3[1]"/>
							</NOT>
						</AND>
					</Condition>
				</Predicate>
				<Predicate ID="[XCN_IZ]9[1]" Target="9[1]" TrueUsage="R" FalseUsage="X">
					<Description>If XCN.1 (Identifier) is valued.</Description>
					<Condition>
						<Presence Path="1[1]"/>
					</Condition>
				</Predicate>
				<Predicate ID="[XCN_IZ]12[1]" Target="12[1]" TrueUsage="O" FalseUsage="X">
					<Description>If XCN.11 (Check Digit Identifer) is valued.</Description>
					<Condition>
						<Presence Path="11[1]"/>
					</Condition>
				</Predicate>
			</ByID>
            <ByID ID="CX_IZ">
                <Predicate ID="[CX_IZ]3[1]" Target="3[1]" TrueUsage="O" FalseUsage="X">
                    <Description>If CX.2 (Check Digit) is valued.</Description>
                    <Condition>
                        <Presence Path="2[1]"/>
                    </Condition>
                </Predicate>
            </ByID>
            <ByID ID="EI_IZ_RSP_Z31">
                <Predicate ID="[EI_IZ_RSP_Z31]2[1]" Target="2[1]" TrueUsage="R" FalseUsage="O">
                    <Description>If EI.3 (Universal ID) is not valued.</Description>
                    <Condition>
                        <NOT>
                            <Presence Path="3[1]"/>
                        </NOT>
                    </Condition>
                </Predicate>
                <Predicate ID="[EI_IZ_RSP_Z31]3[1]" Target="3[1]" TrueUsage="R" FalseUsage="O">
                    <Description>If EI.2 (Namespace ID) is not valued.</Description>
                    <Condition>
                        <NOT>
                            <Presence Path="2[1]"/>
                        </NOT>
                    </Condition>
                </Predicate>
                <Predicate ID="[EI_IZ_RSP_Z31]4[1]" Target="4[1]" TrueUsage="R" FalseUsage="X">
                    <Description>If EI.3 (Universal ID) is valued.</Description>
                    <Condition>
                        <Presence Path="3[1]"/>
                    </Condition>
                </Predicate>
            </ByID>
            <ByID ID="CWE_IZ">
                <Predicate ID="[CWE_IZ]3[1]" Target="3[1]" TrueUsage="R" FalseUsage="X">
                    <Description>If CWE.1 (Identifier) is valued.</Description>
                    <Condition>
                        <Presence Path="1[1]"/>
                    </Condition>
                </Predicate>
                <Predicate ID="[CWE_IZ]5[1]" Target="5[1]" TrueUsage="RE" FalseUsage="X">
                    <Description>If CWE.4 (Alternate Identifier) is valued.</Description>
                    <Condition>
                        <Presence Path="4[1]"/>
                    </Condition>
                </Predicate>
                <Predicate ID="[CWE_IZ]6[1]" Target="6[1]" TrueUsage="R" FalseUsage="X">
                    <Description>If CWE.4 (Alternate Identifier) is valued.</Description>
                    <Condition>
                        <Presence Path="4[1]"/>
                    </Condition>
                </Predicate>
            </ByID>
            <ByID ID="ERL_IZ">
                <Predicate ID="[ERL_IZ]4[1]" Target="4[1]" TrueUsage="R" FalseUsage="RE">
                    <Description>If ERL.4 (Field Repetition) is valued.</Description>
                    <Condition>
                        <Presence Path="4[1]"/>
                    </Condition>
                </Predicate>
                <Predicate ID="[ERL_IZ]5[1]" Target="5[1]" TrueUsage="R" FalseUsage="RE">
                    <Description>If ERL.5 (Component Number) is valued.</Description>
                    <Condition>
                        <Presence Path="5[1]"/>
                    </Condition>
                </Predicate>
                <Predicate ID="[ERL_IZ]6[1]" Target="6[1]" TrueUsage="R" FalseUsage="RE">
                    <Description>If ERL.6 (Sub-Component Number) is valued.</Description>
                    <Condition>
                        <Presence Path="6[1]"/>
                    </Condition>
                </Predicate>
            </ByID>
            <ByID ID="CE_IZ">
                <Predicate ID="[CE_IZ]5[1]" Target="5[1]" TrueUsage="RE" FalseUsage="X">
                    <Description>If CE.4 (Alternate Identifier) is valued.</Description>
                    <Condition>
                        <Presence Path="4[1]"/>
                    </Condition>
                </Predicate>
                <Predicate ID="[CE_IZ]6[1]" Target="6[1]" TrueUsage="R" FalseUsage="X">
                    <Description>If CE.4 (Alternate Identifier) is valued.</Description>
                    <Condition>
                        <Presence Path="4[1]"/>
                    </Condition>
                </Predicate>
            </ByID>
            <ByID ID="HD_IZ">
                <Predicate ID="[HD_IZ]1[1]" Target="1[1]" TrueUsage="R" FalseUsage="O">
                    <Description>If HD.2 (Universal ID) is not valued.</Description>
                    <Condition>
                        <NOT>
                            <Presence Path="2[1]"/>
                        </NOT>
                    </Condition>
                </Predicate>
                <Predicate ID="[HD_IZ]2[1]" Target="2[1]" TrueUsage="R" FalseUsage="O">
                    <Description>If HD.1 (Namespace ID) is not valued.</Description>
                    <Condition>
                        <NOT>
                            <Presence Path="1[1]"/>
                        </NOT>
                    </Condition>
                </Predicate>
                <Predicate ID="[HD_IZ]3[1]" Target="3[1]" TrueUsage="R" FalseUsage="X">
                    <Description>If HD.2 (Universal ID) is valued.</Description>
                    <Condition>
                        <Presence Path="2[1]"/>
                    </Condition>
                </Predicate>
            </ByID>
            <ByID ID="XON_IZ">
                <Predicate ID="[XON_IZ]6[1]" Target="6[1]" TrueUsage="R" FalseUsage="O">
                    <Description>If XON.10 (Organization Identifier) is valued.</Description>
                    <Condition>
                        <Presence Path="10[1]"/>
                    </Condition>
                </Predicate>
                <Predicate ID="[XON_IZ]7[1]" Target="7[1]" TrueUsage="R" FalseUsage="X">
                    <Description>If XON.10 (Organization Identifier) is valued.</Description>
                    <Condition>
                        <Presence Path="10[1]"/>
                    </Condition>
                </Predicate>
                <Predicate ID="[XON_IZ]10[1]" Target="10[1]" TrueUsage="R" FalseUsage="RE">
                    <Description>If XON.1 (Organization Name) is not valued.</Description>
                    <Condition>
                        <NOT>
                            <Presence Path="1[1]"/>
                        </NOT>
                    </Condition>
                </Predicate>
            </ByID>
            <ByID ID="XTN_IZ">
                <Predicate ID="[XTN_IZ]4[1]" Target="4[1]" TrueUsage="R" FalseUsage="X">
                    <Description>If the value of XTN.2 (Telecommunication Use Code) is 'NET'.</Description>
                    <Condition>
                        <PlainText Path="2[1]" Text="NET" IgnoreCase="false"/>
                    </Condition>
                </Predicate>
                <Predicate ID="[XTN_IZ]6[1]" Target="6[1]" TrueUsage="RE" FalseUsage="X">
                    <Description>If the value of XTN.2 (Telecommunication Use Code) is not 'NET'.</Description>
                    <Condition>
                        <NOT>
                            <PlainText Path="2[1]" Text="NET" IgnoreCase="false"/>
                        </NOT>
                    </Condition>
                </Predicate>
                <Predicate ID="[XTN_IZ]7[1]" Target="7[1]" TrueUsage="R" FalseUsage="X">
                    <Description>If the value of XTN.2 (Telecommunication Use Code) is not 'NET'.</Description>
                    <Condition>
                        <NOT>
                            <PlainText Path="2[1]" Text="NET" IgnoreCase="false"/>
                        </NOT>
                    </Condition>
                </Predicate>
            </ByID>
        </Datatype>
        <Segment>
            <ByID ID="PID_IZ 1_5_Z31">
                <Predicate ID="[PID_IZ 1_5_Z31]25[1]" Target="25[1]" TrueUsage="RE" FalseUsage="O">
                    <Description>If the value of PID.24 (Multiple Birth Indicator) is 'Y'.</Description>
                    <Condition>
                        <PlainText Path="24[1]" Text="Y" IgnoreCase="false"/>
                    </Condition>
                </Predicate>
                <Predicate ID="[PID_IZ 1_5_Z31]29[1]" Target="29[1]" TrueUsage="RE" FalseUsage="X">
                    <Description>If the value of PID.30 (Patient Death Indicator) is 'Y'.</Description>
                    <Condition>
                        <PlainText Path="30[1]" Text="Y" IgnoreCase="false"/>
                    </Condition>
                </Predicate>
            </ByID>
            <ByID ID="PD1_IZ 1_5">
                <Predicate ID="[PD1_IZ 1_5]13[1]" Target="13[1]" TrueUsage="RE" FalseUsage="X">
                    <Description>If PD1.12 (Protection Indicator) is valued.</Description>
                    <Condition>
                        <Presence Path="12[1]"/>
                    </Condition>
                </Predicate>
                <Predicate ID="[PD1_IZ 1_5]17[1]" Target="17[1]" TrueUsage="RE" FalseUsage="X">
                    <Description>If PD1.16 (Immunization Registry Status) is valued.</Description>
                    <Condition>
                        <Presence Path="16[1]"/>
                    </Condition>
                </Predicate>
                <Predicate ID="[PD1_IZ 1_5]18[1]" Target="18[1]" TrueUsage="RE" FalseUsage="X">
                    <Description>If PD1.11 (Publicity Code) is valued.</Description>
                    <Condition>
                        <Presence Path="11[1]"/>
                    </Condition>
                </Predicate>
            </ByID>
        </Segment>
        <Group/>
    </Predicates>
    <Constraints>
        <Datatype>
            <ByID ID="EI_IZ_RSP_Z31">
                <Constraint ID="IZ-3" Target="3[1]">
                    <Description>The value of EI.3 (Universal ID) SHALL be formatted with ISO-compliant OID.</Description>
                    <Assertion>
                        <Format Path="3[1]" Regex="[0-2](\.(0|[1-9][0-9]*))*"/>
                    </Assertion>
                </Constraint>
                <Constraint ID="IZ-4" Target="4[1]">
                    <Description>The value of EI.4 (Universal ID Type) SHALL be 'ISO'.</Description>
                    <Assertion>
                        <PlainText Path="4[1]" Text="ISO" IgnoreCase="false"/>
                    </Assertion>
                </Constraint>
            </ByID>
            <ByID ID="HD_IZ">
                <Constraint ID="IZ-5" Target="2[1]">
                    <Description>The value of HD.2 (Universal ID) SHALL be formatted with ISO-compliant OID.</Description>
                    <Assertion>
                        <Format Path="2[1]" Regex="[0-2](\.(0|[1-9][0-9]*))*"/>
                    </Assertion>
                </Constraint>
                <Constraint ID="IZ-6" Target="3[1]">
                    <Description>The value of HD.3 (Universal ID Type) SHALL be 'ISO'.</Description>
                    <Assertion>
                        <PlainText Path="3[1]" Text="ISO" IgnoreCase="false"/>
                    </Assertion>
                </Constraint>
            </ByID>
        </Datatype>
        <Segment>
            <ByID ID="MSH_IZ31">
                <Constraint ID="IZ-12" Target="1[1]">
                    <Description>The value of MSH.1 (Field Separator) SHALL be '|'.</Description>
                    <Assertion>
                        <PlainText Path="1[1]" Text="|" IgnoreCase="false"/>
                    </Assertion>
                </Constraint>
                <Constraint ID="IZ-13" Target="2[1]">
                    <Description>The value of MSH.2 (Encoding Characters) SHALL be '^~\&amp;'.</Description>
                    <Assertion>
                        <PlainText Path="2[1]" Text="^~\&amp;" IgnoreCase="false"/>
                    </Assertion>
                </Constraint>
                <Constraint ID="IZ-TS_Z" Target="7[1]">
                    <Description>The value of MSH.7.1 (Time) SHALL be formatted with YYYYMMDDHHMMSS+-ZZZZ.</Description>
                    <Assertion>
                        <Format Path="7[1].1[1]" Regex="([0-9]{4})((0[1-9])|(1[0-2]))((0[1-9])|([1-2][0-9])|(3[0-1]))(([0-1][0-9])|(2[0-3]))([0-5][0-9])([0-5][0-9]).*((\+|\-)[0-9]{4})"/>
                    </Assertion>
                </Constraint>
                <Constraint ID="IZ-59" Target="9[1]">
                    <Description>The value of MSH.9 (Message Type) SHALL be 'RSP^K11^RSP_K11'.</Description>
                    <Assertion>
                        <AND>
                            <PlainText Path="9[1].1[1]" Text="RSP" IgnoreCase="false"/>
                            <AND>
                                <PlainText Path="9[1].2[1]" Text="K11" IgnoreCase="false"/>
                                <PlainText Path="9[1].3[1]" Text="RSP_K11" IgnoreCase="false"/>
                            </AND>
                        </AND>
                    </Assertion>
                </Constraint>
                <Constraint ID="IZ-15" Target="12[1]">
                    <Description>The value of MSH.12.1 (Version ID) SHALL be '2.5.1'.</Description>
                    <Assertion>
                        <PlainText Path="12[1].1[1]" Text="2.5.1" IgnoreCase="false"/>
                    </Assertion>
                </Constraint>
                <Constraint ID="IZ-53" Target="15[1]">
                    <Description>The value of MSH.15 (Accept Acknowledgment Type) SHALL be 'NE'.</Description>
                    <Assertion>
                        <PlainText Path="15[1]" Text="NE" IgnoreCase="false"/>
                    </Assertion>
                </Constraint>
                <Constraint ID="IZ-52" Target="16[1]">
                    <Description>The value of MSH.16 (Application Acknowledgment Type) SHALL be 'NE'.</Description>
                    <Assertion>
                        <PlainText Path="16[1]" Text="NE" IgnoreCase="false"/>
                    </Assertion>
                </Constraint>
                <Constraint ID="IZ-61" Target="21[1]">
                    <Description>The value of MSH.21 (Message Profile Identifier) SHALL be 'Z31^CDCPHINVS'.</Description>
                    <Assertion>
                        <AND>
                            <PlainText Path="21[1].1[1]" Text="Z31" IgnoreCase="false"/>
                            <PlainText Path="21[1].2[1]" Text="CDCPHINVS" IgnoreCase="false"/>
                        </AND>
                    </Assertion>
                </Constraint>
            </ByID>
            <ByID ID="QPD_IZ1_5">
                <Constraint ID="IZ-67" Target="1[1]">
                    <Description>The value of QPD.1 (Message Query Name) SHALL be 'Z34^Request Immunization History^CDCPHINVS'.</Description>
                    <Assertion>
                        <AND>
                            <PlainText Path="1[1].1[1]" Text="Z34" IgnoreCase="false"/>
                            <AND>
                                <PlainText Path="1[1].2[1]" Text="Request Immunization History" IgnoreCase="false"/>
                                <PlainText Path="1[1].3[1]" Text="CDCPHINVS" IgnoreCase="false"/>
                            </AND>
                        </AND>
                    </Assertion>
                </Constraint>
                <Constraint ID="IZ-TS_NZ" Target="6[1]">
                    <Description>The value of QPD.6.1 (Time) SHALL be formatted with YYYYMMDD.</Description>
                    <Assertion>
                        <Format Path="6[1].1[1]" Regex="((([0-9]{4})((0[1-9])|(1[0-2]))((0[1-9])|([1-2][0-9])|(3[0-1])))|(([0-9]{4})((0[1-9])|(1[0-2]))((0[1-9])|([1-2][0-9])|(3[0-1]))(([0-1][0-9])|(2[0-3])))|(([0-9]{4})((0[1-9])|(1[0-2]))((0[1-9])|([1-2][0-9])|(3[0-1]))(([0-1][0-9])|(2[0-3]))([0-5][0-9]))|(([0-9]{4})((0[1-9])|(1[0-2]))((0[1-9])|([1-2][0-9])|(3[0-1]))(([0-1][0-9])|(2[0-3]))([0-5][0-9])([0-5][0-9]))|(([0-9]{4})((0[1-9])|(1[0-2]))((0[1-9])|([1-2][0-9])|(3[0-1]))(([0-1][0-9])|(2[0-3]))([0-5][0-9])([0-5][0-9])\.[0-9][0-9][0-9][0-9]))"/>
                    </Assertion>
                </Constraint>
            </ByID>
            <ByID ID="NK1_IZ 1_5">
                <Constraint ID="IZ-70" Target="1[1]">
                    <Description>The Value of NK1-1 (Set ID-NK1) SHALL be valued sequentially starting with the value "1".</Description>
                    <Assertion>
                        <SetID Path="1[1]"/>
                    </Assertion>
                </Constraint>
            </ByID>
        </Segment>
        <Group>
            <ByID ID="RSP_K11.PATIENT">
                <Constraint ID="IZ-72" Target="1[1].1[1]">
                    <Description>PID-1 (Set ID-PID) SHALL be valued sequentially starting with the value "1".</Description>
                    <Assertion>
                        <SetID Path="1[1].1[1]"/>
                    </Assertion>
                </Constraint>
            </ByID>
        </Group>
    </Constraints>
</ConformanceContext>
